,Rk,Tm,W,L,W-L%,Strk,R_x,RA,Rdiff,SOS,SRS,pythWL,Luck,vEast,vCent,vWest,Inter,Home,Road,ExInn,1Run,vRHP,vLHP,≥.500,<.500,last10,last20,last30,Season,#Bat,BatAge,R/G,G,PA,AB,R_y,H,2B,3B,HR,RBI,SB,CS,BB,SO,BA,OBP,SLG,OPS,OPS+,TB,GDP,HBP,SH,SF,IBB,LOB
0,1,Milwaukee Brewers,97,65,0.599,W 1,5.0,3.9,1.1,0.0,1.0,99-63,-2,21-9,31-21,17-15,28-20,52-29,45-36,5-Jul,28-20,68-47,29-18,46-38,51-27,6-Apr,10-Oct,15-15,2025,55,26.9,4.98,162,6227,5510,806,1423,265,18,166,750,164,53,564,1266,0.258,0.332,0.403,0.736,105,2222,97,73,26,50,15,1158
1,2,Philadelphia Phillies,96,66,0.593,W 1,4.8,4.0,0.8,-0.1,0.7,94-68,2,31-21,14-16,20-12,31-17,55-26,41-40,6-Sep,26-21,73-41,23-25,45-35,51-31,5-May,13-7,20-10,2025,47,30.3,4.8,162,6166,5517,778,1426,268,24,212,753,124,30,528,1337,0.258,0.328,0.431,0.759,106,2378,95,60,16,42,19,1133
2,3,Toronto Blue Jays,94,68,0.58,W 4,4.9,4.5,0.5,0.1,0.5,88-74,6,29-23,16-15,19-12,30-18,54-27,40-41,4-Oct,27-20,70-52,24-16,49-41,45-27,5-May,8-Dec,17-13,2025,58,28.1,4.93,162,6180,5507,798,1461,294,13,191,771,77,25,520,1099,0.265,0.333,0.427,0.761,108,2354,133,65,35,45,25,1121
3,4,New York Yankees,94,68,0.58,W 8,5.2,4.2,1.0,0.0,1.0,97-65,-3,27-25,21-10,20-11,26-22,50-31,44-37,8-Jun,23-22,75-51,19-17,45-44,49-24,1-Sep,15-5,22-8,2025,52,28.6,5.24,162,6235,5471,849,1371,255,20,274,820,134,38,639,1463,0.251,0.332,0.455,0.787,118,2488,104,55,7,54,47,1127
4,5,Los Angeles Dodgers,93,69,0.574,W 5,5.1,4.2,0.9,-0.1,0.7,95-67,-2,18-13,19-Dec,36-16,27-21,52-29,41-40,7-Aug,25-24,69-46,24-23,48-37,45-32,2-Aug,15-5,18-12,2025,62,30.7,5.09,162,6187,5481,825,1384,257,21,244,791,88,25,580,1353,0.253,0.327,0.441,0.768,114,2415,108,56,13,54,33,1093
5,6,Chicago Cubs,92,70,0.568,W 3,4.9,4.0,0.9,0.0,0.9,96-66,-4,15-15,30-22,17-15,30-18,50-31,42-39,5-Jun,25-19,73-47,19-23,38-46,54-24,6-Apr,9-Nov,16-14,2025,52,28.4,4.9,162,6162,5495,793,1371,267,29,223,771,161,35,554,1277,0.249,0.32,0.43,0.751,116,2365,72,46,10,55,16,1108
6,7,Seattle Mariners,90,72,0.556,L 3,4.7,4.3,0.4,0.0,0.4,88-74,2,20-Oct,21-11,34-18,25-23,51-30,39-42,11-Oct,31-22,63-52,27-20,47-43,43-29,3-Jul,16-4,19-11,2025,54,28.7,4.73,162,6200,5502,766,1345,234,9,238,734,161,37,544,1446,0.244,0.32,0.42,0.74,113,2311,102,89,24,38,29,1120
7,8,San Diego Padres,90,72,0.556,W 3,4.3,3.8,0.5,-0.1,0.4,90-72,0,20-11,18-13,32-20,20-28,52-29,38-43,4-Aug,30-23,64-49,26-23,43-43,47-29,3-Jul,13-7,16-14,2025,52,29.9,4.33,162,6087,5424,702,1369,254,18,152,663,106,30,510,1161,0.252,0.321,0.39,0.711,96,2115,103,58,48,45,18,1127
8,9,Boston Red Sox,89,73,0.549,W 1,4.9,4.2,0.7,0.0,0.7,92-70,-3,32-20,17-14,14-17,26-22,48-33,41-40,12-Aug,23-27,65-52,24-21,44-43,45-30,4-Jun,9-Nov,17-13,2025,56,27.6,4.85,162,6206,5562,786,1414,324,24,186,748,139,38,518,1419,0.254,0.324,0.421,0.745,106,2344,99,72,13,41,24,1125
9,10,Cleveland Guardians,88,74,0.543,W 2,4.0,4.0,0.0,0.0,0.0,80-82,8,17-15,36-16,15-15,20-28,45-36,43-38,6-Dec,26-20,66-50,22-24,42-47,46-27,3-Jul,16-4,22-8,2025,46,27.4,3.97,162,5943,5310,643,1199,243,18,168,621,129,34,494,1344,0.226,0.296,0.373,0.67,85,1982,78,60,28,50,30,1016
10,11,Houston Astros,87,75,0.537,W 2,4.2,4.1,0.1,-0.1,0.1,83-79,4,16-16,15-15,25-27,31-17,46-35,41-40,7-Aug,27-17,68-61,19-14,43-43,44-32,6-Apr,10-Oct,15-15,2025,60,28.8,4.23,162,6087,5490,686,1372,247,12,182,655,85,28,471,1301,0.25,0.315,0.399,0.714,97,2189,124,71,16,38,15,1116
11,12,Detroit Tigers,87,75,0.537,L 1,4.7,4.3,0.4,-0.1,0.4,88-74,-1,19-12,30-22,15-16,23-25,46-35,41-40,8-May,21-12,62-58,25-17,44-43,43-32,8-Feb,14-Jun,21-Sep,2025,58,26.7,4.68,162,6093,5456,758,1346,244,36,198,724,61,16,511,1454,0.247,0.316,0.413,0.73,101,2256,90,65,5,50,12,1062
12,13,New York Mets,83,79,0.512,L 1,4.7,4.4,0.3,-0.1,0.3,86-76,-3,25-27,15-16,19-12,24-24,49-32,34-47,7-Jun,23-26,58-57,25-22,40-40,43-39,5-May,13-Jul,18-Dec,2025,63,28.9,4.73,162,6178,5457,766,1359,262,19,224,746,147,18,563,1325,0.249,0.326,0.427,0.753,113,2331,119,87,15,53,28,1142
13,14,Cincinnati Reds,83,79,0.512,L 1,4.4,4.2,0.2,0.0,0.2,85-77,-2,14-18,26-26,17-13,26-22,45-36,38-43,12-Mar,22-22,62-54,21-25,44-42,39-37,3-Jul,8-Dec,15-15,2025,53,27.2,4.42,162,6082,5448,716,1333,250,23,167,677,105,30,527,1415,0.245,0.315,0.391,0.706,90,2130,106,51,12,44,15,1088
14,15,Kansas City Royals,82,80,0.506,W 2,4.0,3.9,0.1,0.0,0.1,83-79,-1,13-17,26-26,17-15,26-22,43-38,39-42,5-Jul,24-20,62-67,20-13,37-51,45-29,4-Jun,11-Sep,15-15,2025,49,28.3,4.02,162,6008,5431,651,1342,292,22,159,638,111,42,435,1096,0.247,0.309,0.397,0.706,96,2155,97,69,29,41,19,1073
15,16,San Francisco Giants,81,81,0.5,W 4,4.4,4.2,0.1,-0.1,0.1,83-79,-2,16-15,17-14,24-28,24-24,42-39,39-42,6-Sep,28-30,64-53,17-28,40-45,41-36,5-May,11-Sep,17-13,2025,53,28.1,4.35,162,6072,5375,705,1261,239,28,173,672,68,24,556,1380,0.235,0.311,0.386,0.697,99,2075,103,66,22,52,14,1076
16,17,Texas Rangers,81,81,0.5,L 2,4.2,3.7,0.5,0.0,0.5,90-72,-9,15-16,16-15,25-27,25-23,48-33,33-48,8-Sep,21-29,64-57,17-24,37-51,44-30,8-Feb,12-Aug,15-15,2025,54,29.0,4.22,162,6046,5443,684,1275,245,15,175,658,134,33,486,1327,0.234,0.302,0.381,0.684,100,2075,92,63,11,40,19,1066
17,18,Arizona Diamondbacks,80,82,0.494,L 5,4.9,4.8,0.0,-0.1,0.0,82-80,-2,15-15,14-18,26-26,25-23,43-38,37-44,12-Jul,21-28,59-57,21-25,48-53,32-29,7-Mar,11-Sep,16-14,2025,65,27.8,4.88,162,6210,5480,791,1377,277,38,214,768,121,39,545,1316,0.251,0.325,0.433,0.757,108,2372,109,81,37,64,21,1112
18,19,Miami Marlins,79,83,0.488,W 1,4.4,4.9,-0.5,0.0,-0.6,72-90,7,23-29,16-16,14-16,26-22,38-43,41-40,4-Oct,22-22,58-57,21-26,43-47,36-36,3-Jul,14-6,17-13,2025,56,25.7,4.38,162,6142,5543,709,1388,272,29,154,677,138,44,482,1247,0.25,0.314,0.393,0.708,95,2180,94,54,19,44,13,1117
19,20,St. Louis Cardinals,78,84,0.481,L 4,4.3,4.7,-0.4,0.1,-0.3,74-88,4,16-15,24-28,16-15,22-26,44-37,34-47,8-Apr,26-21,54-62,24-22,45-56,33-28,6-Apr,12-Aug,13-17,2025,44,26.6,4.25,162,6069,5433,689,1331,264,9,148,653,89,27,478,1321,0.245,0.314,0.379,0.693,96,2057,115,88,25,40,17,1092
20,21,Tampa Bay Rays,77,85,0.475,L 4,4.4,4.2,0.2,0.1,0.3,84-78,-7,20-32,13-18,16-15,28-20,41-40,36-45,7-May,22-29,57-58,20-27,44-57,33-28,7-Mar,14-Jun,13-17,2025,56,27.3,4.41,162,6045,5470,714,1374,242,16,182,680,194,48,468,1397,0.251,0.313,0.401,0.714,99,2194,109,46,16,43,10,1042
21,22,Athletics,76,86,0.469,L 2,4.5,5.0,-0.5,0.0,-0.5,73-89,3,14-17,19-12,23-29,20-28,36-45,40-41,5-Sep,20-21,55-68,21-18,45-58,31-28,5-May,9-Nov,16-14,2025,58,26.1,4.52,162,6151,5547,733,1403,296,16,219,709,80,28,502,1406,0.253,0.318,0.431,0.749,106,2388,117,44,18,35,14,1106
22,23,Atlanta Braves,76,86,0.469,W 1,4.5,4.5,-0.1,0.0,-0.1,80-82,-4,30-22,15-16,22-Sep,22-26,39-42,37-44,8-Aug,21-35,53-67,23-19,39-55,37-31,3-Jul,8-Dec,16-14,2025,71,28.3,4.47,162,6186,5508,724,1349,243,19,190,701,82,25,575,1371,0.245,0.32,0.399,0.72,102,2200,98,51,15,36,14,1160
23,24,Baltimore Orioles,75,87,0.463,L 3,4.2,4.9,-0.7,0.1,-0.6,70-92,5,22-30,19-Dec,17-14,24-24,39-42,36-45,6-Jun,27-24,53-62,22-25,43-58,32-29,7-Mar,11-Sep,15-15,2025,70,26.5,4.18,162,6020,5416,677,1273,251,19,191,643,121,37,484,1457,0.235,0.305,0.394,0.699,96,2135,102,75,4,41,14,1044
24,25,Los Angeles Angels,72,90,0.444,L 2,4.2,5.2,-1.0,0.1,-0.9,65-97,7,14-17,13-18,23-29,22-26,39-42,33-48,5-Sep,28-21,61-73,17-Nov,44-60,28-30,7-Mar,14-Jun,20-Oct,2025,65,27.9,4.15,162,6000,5374,673,1209,212,17,226,649,88,27,484,1627,0.225,0.298,0.397,0.695,91,2133,99,87,13,35,22,1020
25,26,Pittsburgh Pirates,71,91,0.438,L 1,3.6,4.0,-0.4,0.1,-0.3,74-88,-3,18-14,19-33,17-13,17-31,44-37,27-54,7-Jul,25-35,56-70,15-21,39-60,32-31,4-Jun,13-Jul,14-16,2025,57,29.1,3.6,162,6008,5375,583,1244,245,21,117,561,115,36,530,1422,0.231,0.305,0.35,0.655,82,1882,123,54,13,32,19,1127
26,27,Minnesota Twins,70,92,0.432,L 1,4.2,4.8,-0.6,0.0,-0.5,71-91,-1,16-14,20-32,14-18,20-28,38-43,32-49,11-Apr,15-27,57-69,13-23,43-60,27-32,6-Apr,12-Aug,20-Oct,2025,57,28.1,4.19,162,6059,5432,678,1295,249,20,191,643,114,34,495,1372,0.238,0.31,0.397,0.708,94,2157,105,88,9,34,10,1089
27,28,Washington Nationals,66,96,0.407,L 1,4.2,5.5,-1.3,0.0,-1.3,61-101,5,21-31,20-Nov,15-16,19-29,32-49,34-47,3-May,24-18,48-66,18-30,34-55,32-41,6-Apr,12-Aug,13-17,2025,51,25.8,4.24,162,5982,5422,687,1313,258,28,161,657,132,48,443,1351,0.242,0.304,0.389,0.693,96,2110,103,57,18,40,11,988
28,29,Chicago White Sox,60,102,0.37,W 1,4.0,4.6,-0.6,0.1,-0.5,71-91,-11,21-Nov,18-34,20-Oct,21-27,33-48,27-54,7-Mar,15-36,45-79,15-23,33-71,27-31,7-Mar,14-Jun,18-Dec,2025,62,26.8,3.99,162,5987,5377,647,1250,243,10,165,626,85,21,498,1364,0.232,0.302,0.373,0.675,88,2008,108,49,22,36,8,1055
29,30,Colorado Rockies,43,119,0.265,L 6,3.7,6.3,-2.6,0.1,-2.5,44-118,-1,23-Sep,20-Oct,Dec-40,Dec-36,25-56,18-63,5-Jan,18-23,35-85,Aug-34,15-85,28-34,8-Feb,17-Mar,25-May,2025,57,26.7,3.69,162,5908,5408,597,1281,253,37,160,581,87,39,395,1531,0.237,0.293,0.386,0.679,80,2088,118,48,21,35,5,986
30,1,Los Angeles Dodgers,98,64,0.605,,5.2,4.2,1.0,0.0,1.0,96-66,2,19-12,18-15,31-21,30-16,52-29,46-35,7-Sep,21-17,62-47,36-17,51-41,47-23,,,,2024,60,30.3,5.2,162,6255,5522,842,1423,291,26,233,815,136,23,602,1336,0.258,0.335,0.446,0.781,120,2465,99,64,10,51,33,1143
31,2,Philadelphia Phillies,95,67,0.586,,4.8,4.1,0.7,0.0,0.7,92-70,3,29-23,18-14,22-10,26-20,54-27,41-40,8-Aug,23-20,61-43,34-24,49-41,46-26,,,,2024,47,29.1,4.84,162,6166,5534,784,1423,285,24,198,750,148,30,515,1370,0.257,0.325,0.425,0.75,106,2350,107,62,13,40,21,1115
32,3,New York Yankees,94,68,0.58,,5.0,4.1,0.9,-0.1,0.8,96-66,-2,26-26,24-7,21-12,23-23,44-37,50-31,8-Aug,19-18,73-45,21-23,55-38,39-30,,,,2024,54,28.0,5.03,162,6245,5450,815,1352,243,15,237,782,88,26,672,1326,0.248,0.333,0.429,0.761,115,2336,138,49,14,57,26,1141
33,4,Milwaukee Brewers,93,69,0.574,,4.8,4.0,0.8,0.0,0.8,95-67,-2,15-15,32-20,15-19,31-15,47-34,46-35,9-Jun,28-25,69-45,24-24,52-41,41-28,,,,2024,56,26.3,4.8,162,6170,5472,777,1359,249,33,177,742,217,42,597,1459,0.248,0.326,0.403,0.729,102,2205,97,46,15,34,19,1113
34,5,San Diego Padres,93,69,0.574,,4.7,4.1,0.6,0.0,0.6,90-72,3,17-15,22-10,27-25,27-19,45-36,48-33,2-Oct,22-19,66-50,27-19,50-44,43-25,,,,2024,49,29.0,4.69,162,6103,5526,760,1456,259,18,190,726,120,28,458,1077,0.263,0.324,0.42,0.745,107,2321,133,56,28,31,18,1068
35,6,Cleveland Guardians,92,69,0.571,,4.4,3.9,0.5,-0.1,0.4,90-71,2,18-15,30-22,20-10,24-22,50-30,42-39,3-Oct,26-19,63-58,29-11,50-47,42-22,,,,2024,50,26.1,4.4,161,5927,5310,708,1263,245,18,185,670,148,46,466,1196,0.238,0.307,0.395,0.703,99,2099,111,87,17,43,30,978
36,7,Baltimore Orioles,91,71,0.562,,4.9,4.3,0.5,-0.1,0.5,90-72,1,32-20,21-11,18-14,20-26,44-37,47-34,6-May,14-18,68-51,23-20,47-44,44-27,,,,2024,60,26.9,4.85,162,6176,5567,786,1391,262,33,235,759,98,25,489,1359,0.25,0.315,0.435,0.751,115,2424,71,64,6,45,14,1108
37,8,Atlanta Braves,89,73,0.549,,4.3,3.7,0.6,0.0,0.6,92-70,-3,28-24,13-17,17-17,31-15,46-35,43-38,5-Dec,18-25,60-56,29-17,52-41,37-32,,,,2024,55,29.3,4.35,162,6075,5481,704,1333,273,15,213,674,69,20,485,1461,0.243,0.309,0.415,0.724,100,2275,119,58,9,39,11,1088
38,9,Arizona Diamondbacks,89,73,0.549,,5.5,4.9,0.6,0.0,0.6,90-72,-1,18-15,19-12,28-24,24-22,44-37,45-36,8-May,26-20,61-44,28-29,45-48,44-25,,,,2024,51,28.6,5.47,162,6284,5522,886,1452,271,37,211,845,119,30,569,1265,0.263,0.337,0.44,0.777,114,2430,112,84,34,66,17,1111
39,10,New York Mets,89,73,0.549,,4.7,4.3,0.4,0.0,0.4,88-74,1,30-22,18-14,17-15,24-22,46-35,43-38,8-Aug,28-16,65-51,24-22,47-46,42-27,,,,2024,59,30.0,4.74,162,6166,5510,768,1357,279,15,207,735,106,22,514,1382,0.246,0.319,0.415,0.734,108,2287,105,92,10,36,11,1110
40,11,Houston Astros,88,73,0.547,,4.6,4.0,0.6,-0.1,0.4,90-71,-2,19-14,18-12,29-23,22-24,46-35,42-38,10-Jun,18-27,63-52,25-21,41-43,47-30,,,,2024,55,28.8,4.6,161,6107,5530,740,1448,264,16,190,701,93,24,448,1176,0.262,0.322,0.418,0.741,110,2314,132,67,12,46,28,1113
41,12,Kansas City Royals,86,76,0.531,,4.5,4.0,0.6,-0.1,0.5,91-71,-5,14-18,33-19,16-16,23-23,45-36,41-40,5-Mar,17-21,70-55,16-21,45-54,41-22,,,,2024,50,28.0,4.54,162,5982,5421,735,1343,264,35,170,711,134,31,429,1161,0.248,0.306,0.403,0.71,101,2187,95,52,23,54,22,990
42,13,Detroit Tigers,86,76,0.531,,4.2,4.0,0.2,-0.1,0.2,85-77,1,20-12,28-24,16-16,22-24,43-38,43-38,9-Oct,31-24,65-64,21-12,47-50,39-26,,,,2024,48,26.7,4.21,162,6021,5442,682,1273,244,47,162,656,76,24,476,1461,0.234,0.3,0.385,0.685,92,2097,90,52,4,41,12,1045
43,14,Seattle Mariners,85,77,0.525,,4.2,3.7,0.4,-0.1,0.3,89-73,-4,13-19,14-18,32-20,26-20,49-32,36-45,8-Sep,27-28,61-55,24-22,40-46,45-31,,,,2024,50,28.9,4.17,162,6067,5330,676,1195,228,13,185,642,140,28,571,1625,0.224,0.311,0.376,0.687,102,2004,106,116,14,34,14,1117
44,15,St. Louis Cardinals,83,79,0.512,,4.1,4.4,-0.3,0.1,-0.2,76-86,7,15-16,26-26,18-15,24-22,44-37,39-42,9-Aug,29-22,59-59,24-20,44-48,39-31,,,,2024,44,27.6,4.15,162,6114,5507,672,1363,257,21,165,639,91,29,478,1318,0.248,0.312,0.392,0.703,97,2157,91,56,17,47,10,1149
45,16,Chicago Cubs,83,79,0.512,,4.5,4.1,0.4,0.0,0.4,88-74,-5,17-16,23-29,16-15,27-19,44-37,39-42,5-Jul,23-28,69-59,14-20,43-47,40-32,,,,2024,56,27.8,4.54,162,6116,5441,736,1318,253,29,170,696,143,30,546,1362,0.242,0.317,0.393,0.71,100,2139,89,70,17,41,19,1105
46,17,Minnesota Twins,82,80,0.506,,4.6,4.5,0.0,-0.1,0.0,82-80,0,21-Oct,29-23,25-8,18-28,43-38,39-42,9-May,22-20,61-55,21-25,39-59,43-21,,,,2024,52,28.7,4.58,162,6123,5490,742,1352,309,23,183,702,65,23,473,1306,0.246,0.315,0.411,0.726,103,2256,115,101,10,47,15,1087
47,18,Boston Red Sox,81,81,0.5,,4.6,4.6,0.0,0.0,0.0,81-81,0,25-27,16-17,19-12,21-25,38-43,43-38,10-Oct,18-13,64-55,17-26,37-56,44-25,,,,2024,57,27.3,4.64,162,6192,5577,751,1404,311,30,194,724,144,44,493,1570,0.252,0.319,0.423,0.741,108,2357,110,73,7,40,30,1116
48,19,Tampa Bay Rays,80,82,0.494,,3.7,4.1,-0.4,0.0,-0.4,74-88,6,26-26,14-18,14-18,26-20,42-39,38-43,5-Aug,30-22,61-64,19-18,47-57,33-25,,,,2024,54,27.2,3.73,162,6006,5389,604,1241,245,23,147,564,178,53,493,1485,0.23,0.302,0.366,0.669,92,1973,87,78,10,32,15,1099
49,20,San Francisco Giants,80,82,0.494,,4.3,4.3,0.0,0.1,0.0,80-82,0,16-17,15-16,26-26,23-23,42-39,38-43,9-Jul,24-24,61-57,19-25,46-59,34-23,,,,2024,58,28.6,4.28,162,6062,5460,693,1303,266,30,177,661,68,22,492,1452,0.239,0.305,0.396,0.701,100,2160,115,52,10,47,15,1075
50,21,Texas Rangers,78,84,0.481,,4.2,4.6,-0.3,-0.1,-0.4,75-87,3,14-17,20-13,25-27,19-27,44-37,34-47,2-Sep,26-20,60-62,18-22,39-60,39-24,,,,2024,57,28.1,4.22,162,6053,5472,683,1302,220,15,176,652,97,25,490,1284,0.238,0.305,0.38,0.686,100,2080,96,55,6,30,20,1084
51,22,Cincinnati Reds,77,85,0.475,,4.3,4.3,0.0,0.1,0.1,82-80,-5,17-15,24-28,15-17,21-25,39-42,38-43,5-May,15-28,61-59,16-26,46-59,31-26,,,,2024,61,27.1,4.31,162,5970,5325,699,1230,257,29,174,663,207,45,496,1459,0.231,0.305,0.388,0.693,88,2067,86,87,18,43,7,989
52,23,Pittsburgh Pirates,76,86,0.469,,4.1,4.6,-0.5,0.1,-0.4,73-89,3,20-14,25-27,20-Oct,21-25,39-42,37-44,8-Jul,25-26,52-63,24-23,44-61,32-25,,,,2024,56,28.5,4.1,162,6086,5477,665,1283,236,17,160,643,106,19,485,1506,0.234,0.301,0.371,0.672,87,2033,100,60,16,47,14,1112
53,24,Toronto Blue Jays,74,88,0.457,,4.1,4.6,-0.4,0.0,-0.4,73-89,1,21-31,13-19,20-12,20-26,39-42,35-46,5-May,19-30,60-66,14-22,43-63,31-25,,,,2024,56,28.0,4.14,162,6060,5410,671,1306,280,26,156,640,72,16,510,1233,0.241,0.313,0.389,0.703,98,2106,126,78,14,45,18,1106
54,25,Washington Nationals,71,91,0.438,,4.1,4.7,-0.6,0.1,-0.6,70-92,1,25-27,15-18,21-Oct,21-25,38-43,33-48,12-May,14-23,51-63,20-28,38-67,33-24,,,,2024,50,26.3,4.07,162,5971,5374,660,1306,267,18,135,621,223,73,456,1220,0.243,0.309,0.375,0.684,93,2014,115,73,26,40,11,1010
55,26,Oakland Athletics,69,93,0.426,,4.0,4.7,-0.7,0.0,-0.8,68-94,1,20-Dec,22-Oct,23-29,24-22,38-43,31-50,10-May,28-26,49-74,20-19,33-65,36-28,,,,2024,55,26.5,3.97,162,6034,5432,643,1267,240,19,196,619,98,26,493,1502,0.233,0.301,0.393,0.694,101,2133,105,53,19,37,11,1073
56,27,Los Angeles Angels,63,99,0.389,,3.9,4.9,-1.0,0.0,-1.0,64-98,-1,22-Oct,22-Oct,21-31,22-24,32-49,31-50,8-Apr,22-26,49-79,14-20,40-58,23-41,,,,2024,64,27.3,3.92,162,5975,5357,635,1227,227,15,165,596,133,50,482,1416,0.229,0.301,0.369,0.671,89,1979,116,86,12,35,4,1015
57,28,Miami Marlins,62,100,0.383,,3.9,5.2,-1.3,0.1,-1.1,61-101,1,18-34,21-Dec,13-18,19-27,30-51,32-49,9-Oct,23-20,51-55,Nov-45,42-61,20-39,,,,2024,70,27.2,3.93,162,6048,5522,637,1347,243,23,150,611,125,43,403,1410,0.244,0.3,0.378,0.678,87,2086,119,55,24,41,16,1059
58,29,Colorado Rockies,61,101,0.377,,4.2,5.7,-1.5,0.2,-1.3,59-103,2,20-Nov,21-Dec,18-34,20-26,37-44,24-57,4-Aug,26-21,46-69,15-32,42-63,19-38,,,,2024,54,27.9,4.21,162,6026,5454,682,1319,277,25,179,655,85,31,453,1617,0.242,0.304,0.4,0.704,87,2183,126,51,19,45,20,1028
59,30,Chicago White Sox,41,121,0.253,,3.1,5.0,-1.9,0.1,-1.8,48-114,-7,22-Oct,Oct-42,22-Oct,Nov-35,23-58,18-63,10-Apr,13-29,30-92,29-Nov,23-90,18-31,,,,2024,63,27.8,3.13,162,5869,5383,507,1187,226,9,133,485,90,33,395,1403,0.221,0.278,0.34,0.618,76,1830,116,43,18,27,8,1014
60,1,Atlanta Braves,104,58,0.642,,5.8,4.4,1.4,-0.1,1.4,101-61,3,35-17,22-9,21-12,26-20,52-29,52-29,3-Aug,23-18,81-49,23-9,55-33,49-25,,,,2023,53,27.9,5.85,162,6249,5597,947,1543,293,23,307,916,132,27,538,1289,0.276,0.344,0.501,0.845,126,2803,128,67,2,43,20,1062
61,2,Baltimore Orioles,101,61,0.623,,5.0,4.2,0.8,0.0,0.8,94-68,7,32-20,22-10,21-11,26-20,49-32,52-29,6-Nov,30-16,65-44,36-17,51-39,50-22,,,,2023,50,27.2,4.98,162,6123,5495,807,1399,309,28,183,780,114,24,512,1370,0.255,0.321,0.421,0.742,107,2313,114,45,21,47,14,1041
62,3,Los Angeles Dodgers,100,62,0.617,,5.6,4.3,1.3,-0.1,1.2,100-62,0,17-14,19-14,34-18,30-16,53-28,47-34,6-Jun,16-15,74-39,26-23,52-36,48-26,,,,2023,58,30.9,5.59,162,6333,5524,906,1422,303,20,249,877,105,25,644,1359,0.257,0.34,0.455,0.795,114,2512,98,85,5,69,29,1163
63,4,Tampa Bay Rays,99,63,0.611,,5.3,4.1,1.2,0.0,1.2,100-62,-1,31-21,23-9,18-14,27-19,53-28,46-35,5-Jul,22-25,75-52,24-11,48-44,51-19,,,,2023,58,26.8,5.31,162,6164,5511,860,1432,282,24,230,827,160,41,514,1420,0.26,0.331,0.445,0.776,114,2452,109,95,6,38,7,1047
64,5,Milwaukee Brewers,92,70,0.568,,4.5,4.0,0.5,0.0,0.5,90-72,2,18-14,33-19,13-19,28-18,49-32,43-38,5-Oct,29-18,70-44,22-26,51-38,41-32,,,,2023,58,27.7,4.49,162,6084,5386,728,1290,257,16,165,696,129,28,591,1412,0.24,0.319,0.385,0.704,92,2074,144,58,7,39,15,1075
65,6,Houston Astros,90,72,0.556,,5.1,4.3,0.8,-0.1,0.7,93-69,-3,16-17,14-17,32-20,28-18,39-42,51-30,8-Jan,20-21,62-51,28-21,42-43,48-29,,,,2023,41,28.8,5.1,162,6253,5567,827,1441,280,22,222,799,107,32,550,1241,0.259,0.331,0.437,0.768,111,2431,124,72,14,40,17,1134
66,7,Philadelphia Phillies,90,72,0.556,,4.9,4.4,0.5,0.0,0.5,89-73,1,25-27,19-12,18-15,28-18,49-32,41-40,7-Oct,29-24,60-51,30-21,47-43,43-29,,,,2023,44,28.4,4.91,162,6207,5541,796,1417,291,29,220,771,141,26,539,1481,0.256,0.327,0.438,0.765,107,2426,110,69,13,42,22,1123
67,8,Texas Rangers,90,72,0.556,,5.4,4.4,1.0,-0.1,0.9,96-66,-6,20-12,19-13,29-23,22-24,50-31,40-41,8-Feb,14-22,62-56,28-16,42-45,48-27,,,,2023,48,28.3,5.44,162,6306,5595,881,1470,326,18,233,845,79,19,599,1416,0.263,0.337,0.452,0.79,116,2531,103,53,10,47,17,1164
68,9,Toronto Blue Jays,89,73,0.549,,4.6,4.1,0.5,0.1,0.5,89-73,0,21-31,22-10,16-16,30-16,43-38,46-35,9-Oct,25-20,69-58,20-15,43-50,46-23,,,,2023,46,28.8,4.6,162,6220,5562,746,1423,292,19,188,705,99,34,550,1303,0.256,0.329,0.417,0.745,105,2317,129,69,4,32,14,1170
69,10,Seattle Mariners,88,74,0.543,,4.7,4.1,0.6,-0.1,0.6,91-71,-3,13-18,20-13,33-19,22-24,45-36,43-38,14-Jun,25-26,66-55,22-19,38-48,50-26,,,,2023,56,27.8,4.68,162,6201,5500,758,1332,283,12,210,728,118,30,548,1603,0.242,0.321,0.413,0.734,108,2269,95,111,4,37,14,1144
70,11,Minnesota Twins,87,75,0.537,,4.8,4.1,0.7,-0.2,0.6,93-69,-6,13-19,29-23,20-12,25-21,47-34,40-41,8-Dec,19-27,66-58,21-17,37-36,50-39,,,,2023,48,28.6,4.8,162,6219,5489,778,1336,264,24,233,745,86,18,594,1654,0.243,0.326,0.428,0.753,105,2347,119,92,12,32,13,1138
71,12,Arizona Diamondbacks,84,78,0.519,,4.6,4.7,-0.1,0.0,-0.1,80-82,4,14-18,20-12,29-23,21-25,43-38,41-40,4-May,21-21,56-57,28-21,40-50,44-28,,,,2023,54,27.4,4.6,162,6124,5436,746,1359,274,44,166,706,166,26,540,1247,0.25,0.322,0.408,0.73,98,2219,121,58,36,50,11,1091
72,13,Miami Marlins,84,78,0.519,,4.1,4.5,-0.4,0.1,-0.3,75-87,9,26-26,18-15,14-17,26-20,46-35,38-43,3-Jul,33-14,64-59,20-19,38-50,46-28,,,,2023,52,29.4,4.11,162,6043,5497,666,1423,258,23,166,633,86,21,430,1287,0.259,0.316,0.405,0.721,90,2225,159,50,22,38,23,1097
73,14,Chicago Cubs,83,79,0.512,,5.1,4.5,0.6,-0.1,0.5,90-72,-7,20-Nov,30-22,17-16,25-21,45-36,38-43,6-Mar,21-24,54-57,29-22,38-51,45-28,,,,2023,48,28.4,5.06,162,6220,5504,819,1399,269,30,196,786,140,34,570,1391,0.254,0.33,0.421,0.751,106,2316,95,77,15,52,11,1127
74,15,San Diego Padres,82,80,0.506,,4.6,4.0,0.6,0.0,0.6,92-70,-10,16-16,21-Nov,27-25,28-18,44-37,38-43,12-Feb,23-Sep,54-61,28-19,40-51,42-29,,,,2023,56,28.4,4.64,162,6180,5401,752,1316,273,14,205,719,137,32,653,1311,0.244,0.329,0.413,0.742,104,2232,134,57,22,44,16,1144
75,16,Cincinnati Reds,82,80,0.506,,4.8,5.1,-0.2,0.0,-0.2,77-85,5,15-17,21-31,18-14,28-18,38-43,44-37,5-Oct,34-29,59-55,23-25,41-47,41-33,,,,2023,65,26.8,4.83,162,6195,5499,783,1371,268,37,198,747,190,48,556,1500,0.249,0.327,0.42,0.746,98,2307,101,92,19,29,8,1107
76,17,New York Yankees,82,80,0.506,,4.2,4.3,-0.2,0.1,0.0,78-84,4,22-30,18-14,19-13,23-23,42-39,40-41,9-Jun,17-23,67-67,15-13,47-46,35-34,,,,2023,54,28.5,4.15,162,5973,5323,673,1207,221,15,219,650,100,30,557,1427,0.227,0.304,0.397,0.701,91,2115,119,47,9,36,18,1007
77,18,San Francisco Giants,79,83,0.488,,4.2,4.4,-0.3,0.0,-0.3,76-86,3,13-18,20-13,26-26,20-26,45-36,34-47,5-Nov,25-19,51-63,28-20,46-55,33-28,,,,2023,52,28.4,4.16,162,6095,5412,674,1271,256,13,174,651,57,16,544,1492,0.235,0.312,0.383,0.695,93,2075,116,81,17,39,19,1130
78,19,Detroit Tigers,78,84,0.481,,4.1,4.6,-0.5,-0.1,-0.6,73-89,5,25-Jul,35-17,15-17,21-25,37-44,41-40,8-Oct,21-20,62-62,16-22,31-54,47-30,,,,2023,51,27.4,4.08,162,6080,5478,661,1292,245,29,165,635,85,23,508,1473,0.236,0.305,0.382,0.686,89,2090,107,49,13,31,10,1103
79,20,Boston Red Sox,78,84,0.481,,4.8,4.8,0.0,0.1,0.1,81-81,-3,24-28,19-13,15-17,20-26,39-42,39-42,6-Apr,18-25,54-66,24-18,51-55,27-29,,,,2023,56,28.6,4.77,162,6174,5562,772,1437,339,19,182,734,112,26,486,1372,0.258,0.324,0.424,0.748,100,2360,118,71,11,35,15,1117
80,21,Cleveland Guardians,76,86,0.469,,4.1,4.3,-0.2,-0.1,-0.3,77-85,-1,16-16,23-29,17-15,20-26,42-39,34-47,9-Nov,27-31,52-51,24-35,41-45,35-41,,,,2023,50,26.6,4.09,162,6096,5513,662,1379,294,29,124,622,151,36,471,1142,0.25,0.313,0.381,0.695,91,2103,108,55,13,44,40,1121
81,22,Pittsburgh Pirates,76,86,0.469,,4.3,4.9,-0.6,0.0,-0.6,71-91,5,16-17,25-27,16-15,19-27,39-42,37-44,9-Mar,22-17,50-58,26-28,40-62,36-24,,,,2023,58,27.3,4.27,162,6089,5406,692,1293,287,31,159,662,117,41,556,1464,0.239,0.315,0.392,0.707,91,2119,92,58,25,43,9,1111
82,23,New York Mets,75,87,0.463,,4.4,4.5,-0.1,0.0,0.0,80-82,-5,25-27,13-19,18-14,19-27,43-38,32-49,3-Jul,25-28,57-52,18-35,45-57,30-30,,,,2023,59,28.9,4.43,162,6056,5363,717,1276,221,21,215,692,118,15,525,1331,0.238,0.316,0.407,0.723,99,2184,105,107,19,38,11,1082
83,24,Los Angeles Angels,73,89,0.451,,4.6,5.1,-0.6,0.0,-0.5,73-89,0,14-18,18-14,22-30,19-27,38-43,35-46,8-Jul,22-21,57-64,16-25,35-63,38-26,,,,2023,66,28.6,4.56,162,6145,5489,739,1346,248,26,231,708,72,31,518,1524,0.245,0.317,0.426,0.743,101,2339,117,79,8,46,27,1102
84,25,St. Louis Cardinals,71,91,0.438,,4.4,5.1,-0.7,0.0,-0.6,71-91,0,14-18,21-31,13-19,23-23,35-46,36-45,6-Jun,17-26,54-66,17-25,45-56,26-35,,,,2023,52,27.5,4.44,162,6204,5510,719,1376,264,12,209,697,101,29,570,1326,0.25,0.326,0.416,0.742,101,2291,122,70,13,37,17,1183
85,26,Washington Nationals,71,91,0.438,,4.3,5.2,-0.9,0.1,-0.8,67-95,4,19-33,14-19,15-16,23-23,34-47,37-44,2-Jun,28-21,47-60,24-31,39-63,32-28,,,,2023,48,26.8,4.32,162,6085,5522,700,1401,279,26,151,665,127,29,423,1149,0.254,0.314,0.396,0.709,96,2185,112,78,20,38,6,1082
86,27,Chicago White Sox,61,101,0.377,,4.0,5.2,-1.2,0.0,-1.3,61-101,0,20-Nov,23-29,21-Dec,15-31,31-50,30-51,11-May,19-30,47-77,14-24,26-59,35-42,,,,2023,56,27.8,3.96,162,5980,5501,641,1308,264,13,171,617,86,22,377,1424,0.238,0.291,0.384,0.675,84,2111,122,52,16,29,19,1009
87,28,Colorado Rockies,59,103,0.364,,4.5,5.9,-1.5,0.1,-1.3,60-102,-1,14-20,13-17,14-38,18-28,37-44,22-59,4-Jun,23-24,37-74,22-29,31-72,28-31,,,,2023,57,28.1,4.45,162,6055,5496,721,1368,305,31,163,685,76,25,447,1543,0.249,0.31,0.405,0.715,85,2224,124,59,11,41,8,1038
88,29,Kansas City Royals,56,106,0.346,,4.2,5.3,-1.1,0.0,-1.2,64-98,-8,24-Sep,20-32,20-Nov,16-30,33-48,23-58,4-Mar,21-20,42-79,14-27,25-60,31-46,,,,2023,58,26.3,4.17,162,5985,5428,676,1325,258,43,163,651,163,47,411,1396,0.244,0.303,0.398,0.7,90,2158,96,71,14,58,12,1009
89,30,Oakland Athletics,50,112,0.309,,3.6,5.7,-2.1,0.1,-2.0,49-113,1,24-Aug,14-18,14-38,14-32,26-55,24-57,8-Jun,20-27,31-85,19-27,22-76,28-36,,,,2023,62,27.1,3.61,162,5966,5311,585,1187,225,21,171,563,149,31,498,1496,0.223,0.298,0.37,0.669,88,1967,125,85,28,36,12,1043
90,1,Los Angeles Dodgers,111,51,0.685,,5.2,3.2,2.1,-0.2,1.8,116-46,-5,19-14,23-10,54-22,15-5,57-24,54-27,9-Jun,16-15,79-35,32-16,50-27,61-24,,,,2022,51,29.6,5.23,162,6247,5526,847,1418,325,31,212,812,98,18,607,1374,0.257,0.333,0.442,0.775,115,2441,85,56,3,53,22,1159
91,2,Houston Astros,106,56,0.654,,4.5,3.2,1.4,-0.1,1.3,106-56,0,17-15,26-8,51-25,8-Dec,55-26,51-30,6-May,28-16,64-44,42-12,42-27,64-29,,,,2022,45,29.3,4.55,162,6054,5409,737,1341,284,13,214,715,83,22,528,1179,0.248,0.319,0.424,0.743,111,2293,118,60,9,42,18,1068
92,3,Atlanta Braves,101,61,0.623,,4.9,3.8,1.1,-0.1,1.0,100-62,1,48-28,21-12,19-14,13-7,55-26,46-35,7-Jun,26-18,64-44,37-17,40-37,61-24,,,,2022,53,27.5,4.87,162,6082,5509,789,1394,298,11,243,753,87,31,470,1498,0.253,0.317,0.443,0.761,109,2443,103,66,1,36,13,1030
93,4,New York Mets,101,61,0.623,,4.8,3.7,1.0,-0.1,1.0,99-63,2,50-26,23-10,19-14,11-Sep,54-27,47-34,2-Oct,21-15,69-38,32-23,45-37,56-24,,,,2022,61,29.7,4.77,162,6176,5489,772,1422,272,27,171,735,62,22,510,1217,0.259,0.332,0.412,0.744,113,2261,122,112,20,44,25,1158
94,5,New York Yankees,99,63,0.611,,5.0,3.5,1.5,0.0,1.5,106-56,-7,47-29,25-8,17-16,10-Oct,57-24,42-39,8-Oct,31-27,73-48,26-15,50-43,49-20,,,,2022,54,30.2,4.98,162,6172,5422,807,1308,225,8,254,764,102,33,620,1391,0.241,0.325,0.426,0.751,112,2311,121,70,14,41,36,1093
95,6,St. Louis Cardinals,93,69,0.574,,4.8,3.9,0.8,-0.3,0.6,95-67,-2,16-18,48-28,19-13,10-Oct,53-28,40-41,4-Aug,26-17,69-58,24-11,34-38,59-31,,,,2022,51,28.8,4.77,162,6165,5496,772,1386,290,21,197,739,95,25,537,1226,0.252,0.325,0.42,0.745,112,2309,112,80,5,45,11,1132
96,7,Cleveland Guardians,92,70,0.568,,4.3,3.9,0.4,-0.1,0.2,88-74,4,15-17,47-29,18-16,8-Dec,46-35,46-35,13-6,28-17,64-53,28-17,34-34,58-36,,,,2022,50,25.9,4.31,162,6163,5558,698,1410,273,31,127,662,119,27,450,1122,0.254,0.316,0.383,0.699,102,2126,119,81,22,52,36,1156
97,8,Toronto Blue Jays,92,70,0.568,,4.8,4.2,0.6,0.1,0.7,91-71,1,43-33,19-15,17-15,13-7,47-34,45-36,7-Aug,30-20,80-50,20-Dec,45-49,47-21,,,,2022,51,27.1,4.78,162,6158,5555,775,1464,307,12,200,756,67,35,500,1242,0.264,0.329,0.431,0.76,117,2395,136,55,8,33,13,1111
98,9,Seattle Mariners,90,72,0.556,,4.3,3.8,0.4,0.0,0.4,89-73,1,16-17,21-12,41-35,8-Dec,46-35,44-37,5-Nov,34-22,68-52,22-20,38-33,52-39,,,,2022,59,27.5,4.26,162,6117,5375,690,1236,229,19,197,663,83,27,596,1397,0.23,0.315,0.39,0.704,106,2094,120,89,9,45,17,1129
99,10,San Diego Padres,89,73,0.549,,4.4,4.1,0.3,0.0,0.3,86-76,3,19-15,21-11,41-35,12-Aug,44-37,45-36,5-Dec,30-17,58-50,31-23,38-44,51-29,,,,2022,55,28.2,4.35,162,6175,5468,705,1317,275,18,153,682,49,22,574,1327,0.241,0.318,0.382,0.7,102,2087,95,65,17,46,24,1174
100,11,Philadelphia Phillies,87,75,0.537,,4.6,4.2,0.4,0.0,0.4,87-75,0,41-35,20-13,17-16,11-Sep,47-34,40-41,6-Aug,22-25,59-57,28-18,34-47,53-28,,,,2022,56,28.1,4.61,162,6077,5496,747,1392,255,29,205,719,105,28,478,1363,0.253,0.317,0.422,0.739,108,2320,116,52,6,44,15,1075
101,12,Milwaukee Brewers,86,76,0.531,,4.5,4.2,0.2,-0.2,0.0,85-77,1,13-18,42-34,16-19,15-5,46-35,40-41,9-Sep,28-23,59-51,27-25,35-36,51-40,,,,2022,51,29.1,4.48,162,6122,5417,725,1271,251,17,219,703,96,30,577,1464,0.235,0.315,0.409,0.724,103,2213,117,80,11,37,25,1102
102,13,Tampa Bay Rays,86,76,0.531,,4.1,3.8,0.3,0.1,0.4,87-75,-1,40-36,15-17,19-15,8-Dec,51-30,35-46,10-Nov,27-27,64-60,22-16,41-48,45-28,,,,2022,61,27.0,4.11,162,6008,5412,666,1294,296,17,139,634,95,37,500,1395,0.239,0.309,0.377,0.686,99,2041,93,57,7,31,13,1074
103,14,Baltimore Orioles,83,79,0.512,,4.2,4.2,-0.1,0.2,0.1,79-83,4,34-42,16-17,21-12,8-Dec,45-36,38-43,5-Aug,23-24,56-56,27-23,42-47,41-32,,,,2022,58,27.0,4.16,162,6049,5429,674,1281,275,25,171,639,95,31,476,1390,0.236,0.305,0.39,0.695,99,2119,95,83,12,43,10,1095
104,15,Chicago White Sox,81,81,0.5,,4.2,4.4,-0.2,-0.1,-0.3,78-84,3,15-17,37-39,18-16,9-Nov,37-44,44-37,9-Jun,27-16,64-61,17-20,31-36,50-45,,,,2022,44,29.3,4.23,162,6123,5611,686,1435,272,9,149,654,58,10,388,1269,0.256,0.31,0.387,0.698,97,2172,127,73,16,35,9,1117
105,16,San Francisco Giants,81,81,0.5,,4.4,4.3,0.1,0.0,0.1,83-79,-2,19-14,19-14,33-43,10-Oct,44-37,37-44,7-Jul,22-27,52-55,29-26,31-47,50-34,,,,2022,66,30.0,4.42,162,6117,5392,716,1261,255,18,183,683,64,16,571,1462,0.234,0.315,0.39,0.705,100,2101,109,95,6,53,14,1115
106,17,Minnesota Twins,78,84,0.481,,4.3,4.2,0.1,-0.1,0.0,82-80,-4,18-16,39-37,13-19,12-Aug,46-35,32-49,10-May,20-28,51-62,27-22,39-53,39-31,,,,2022,61,26.9,4.3,162,6113,5476,696,1356,269,18,178,668,38,17,518,1353,0.248,0.317,0.401,0.718,105,2195,133,62,10,46,11,1126
107,18,Boston Red Sox,78,84,0.481,,4.5,4.9,-0.3,0.2,-0.1,76-86,2,26-50,18-15,25-8,11-Sep,43-38,35-46,11-Jul,24-26,55-71,23-13,47-65,31-19,,,,2022,54,28.8,4.54,162,6144,5539,735,1427,352,12,155,704,52,20,478,1373,0.258,0.321,0.409,0.731,102,2268,131,63,12,50,23,1133
108,19,Chicago Cubs,74,88,0.457,,4.1,4.5,-0.5,-0.1,-0.6,73-89,1,21-10,37-39,25-Oct,14-Jun,37-44,37-44,12-Jul,26-27,55-64,19-24,37-58,37-30,,,,2022,64,27.9,4.06,162,6072,5425,657,1293,265,31,159,620,111,37,507,1448,0.238,0.311,0.387,0.698,94,2097,130,84,19,36,16,1100
109,20,Arizona Diamondbacks,74,88,0.457,,4.3,4.6,-0.2,0.0,-0.2,77-85,-3,16-15,17-18,29-47,8-Dec,40-41,34-47,7-May,17-29,51-63,23-25,39-60,35-28,,,,2022,57,26.5,4.33,162,6027,5351,702,1232,262,24,173,658,104,29,531,1341,0.23,0.304,0.385,0.689,95,2061,97,60,31,50,14,1039
110,21,Los Angeles Angels,73,89,0.451,,3.8,4.1,-0.3,0.1,-0.1,76-86,-3,23-Nov,18-14,37-39,13-Jul,40-41,33-48,8-Jul,18-28,50-63,23-26,34-58,39-31,,,,2022,66,27.9,3.85,162,5977,5423,623,1265,219,31,190,600,77,27,449,1539,0.233,0.297,0.39,0.687,93,2116,95,54,25,25,28,1050
111,22,Miami Marlins,69,93,0.426,,3.6,4.2,-0.6,0.1,-0.5,70-92,-1,34-42,15-18,21-Dec,12-Aug,34-47,35-46,9-Aug,24-40,51-73,18-20,36-65,33-28,,,,2022,56,28.9,3.62,162,5949,5395,586,1241,248,20,144,554,122,29,436,1429,0.23,0.294,0.363,0.658,85,1961,120,70,4,36,6,1045
112,23,Texas Rangers,68,94,0.42,,4.4,4.6,-0.2,0.1,-0.1,77-85,-9,24-Sep,17-16,31-45,9-Nov,34-47,34-47,9-Jun,15-35,41-66,27-28,30-57,38-37,,,,2022,55,28.0,4.36,162,6029,5478,707,1308,224,20,198,670,128,41,456,1446,0.239,0.301,0.395,0.696,96,2166,82,47,10,38,12,1007
113,24,Colorado Rockies,68,94,0.42,,4.3,5.4,-1.1,0.1,-1.0,65-97,3,24-Oct,16-16,33-43,11-Sep,41-40,27-54,8-Jun,23-24,39-62,29-32,35-63,33-31,,,,2022,43,29.1,4.31,162,6105,5540,698,1408,280,34,149,669,45,20,453,1330,0.254,0.315,0.398,0.713,91,2203,139,61,10,40,10,1113
114,25,Detroit Tigers,66,96,0.407,,3.4,4.4,-1.0,0.0,-1.0,63-99,3,21-Nov,34-42,24-Oct,9-Nov,36-46,30-50,7-Mar,22-20,46-72,20-24,32-56,34-40,,,,2022,53,27.9,3.44,162,5870,5378,557,1240,235,27,110,530,47,24,380,1413,0.231,0.286,0.346,0.632,82,1859,108,58,10,44,8,1015
115,26,Kansas City Royals,65,97,0.401,,4.0,5.0,-1.0,0.1,-1.0,64-98,1,13-22,33-43,19-Dec,13-Jul,39-42,26-55,5-May,16-20,45-76,20-21,34-58,31-39,,,,2022,55,27.1,3.95,162,6010,5437,640,1327,247,38,138,613,104,34,460,1287,0.244,0.306,0.38,0.686,93,2064,101,48,20,44,7,1091
116,27,Pittsburgh Pirates,62,100,0.383,,3.6,5.0,-1.4,0.0,-1.4,58-104,4,26-Sep,35-41,14-17,16-Apr,34-47,28-53,9-Apr,21-27,40-67,22-33,26-64,36-36,,,,2022,68,26.3,3.65,162,5912,5331,591,1186,221,29,158,555,89,32,476,1497,0.222,0.291,0.364,0.655,85,1939,96,54,19,32,14,1016
117,28,Cincinnati Reds,62,100,0.383,,4.0,5.0,-1.0,-0.1,-1.1,64-98,-2,22-Dec,28-48,22-Oct,8-Dec,33-48,29-52,5-Jun,21-23,45-71,17-29,32-61,30-39,,,,2022,66,29.4,4.0,162,5978,5380,648,1264,235,18,156,618,58,33,452,1430,0.235,0.304,0.372,0.676,85,2003,127,92,12,33,6,1020
118,29,Oakland Athletics,60,102,0.37,,3.5,4.8,-1.2,0.2,-1.0,59-103,1,13-20,21-Dec,30-46,15-May,29-51,31-51,4-Jun,17-25,44-75,16-27,33-60,27-42,,,,2022,64,28.3,3.51,162,5863,5314,568,1147,249,15,137,537,78,23,433,1389,0.216,0.281,0.346,0.626,84,1837,109,59,22,33,7,969
119,30,Washington Nationals,55,107,0.34,,3.7,5.3,-1.6,0.1,-1.4,56-106,-1,17-59,15-18,15-18,12-Aug,26-55,29-52,7-Mar,17-22,39-67,16-40,30-70,25-37,,,,2022,55,28.7,3.72,162,5998,5434,603,1351,252,20,136,579,75,31,442,1221,0.249,0.31,0.377,0.688,98,2051,141,60,20,37,12,1099
120,1,San Francisco Giants,107,55,0.66,,5.0,3.7,1.3,-0.1,1.2,103-59,4,21-11,20-14,53-23,13-7,54-27,53-28,9-Oct,31-17,80-35,27-20,35-28,72-27,,,,2021,54,30.6,4.96,162,6196,5462,804,1360,271,25,241,768,66,14,602,1461,0.249,0.329,0.44,0.769,107,2404,117,64,36,30,45,1138
121,2,Los Angeles Dodgers,106,56,0.654,,5.1,3.5,1.7,-0.1,1.6,109-53,-3,24-9,20-13,50-26,8-Dec,58-23,48-33,13-Jun,24-24,73-42,33-14,35-27,71-29,,,,2021,61,29.2,5.12,162,6239,5445,830,1330,247,24,237,799,65,17,613,1408,0.244,0.33,0.429,0.759,101,2336,96,104,32,45,36,1169
122,3,Tampa Bay Rays,100,62,0.617,,5.3,4.0,1.3,0.0,1.3,101-61,-1,51-25,19-13,15-19,15-5,52-29,48-33,12-Jul,20-25,62-35,38-27,48-42,52-20,,,,2021,61,27.7,5.29,162,6213,5507,857,1336,288,36,222,810,88,42,585,1542,0.243,0.321,0.429,0.75,110,2362,75,72,6,41,27,1085
123,4,Milwaukee Brewers,95,67,0.586,,4.6,3.8,0.7,-0.3,0.4,93-69,2,17-14,47-29,23-12,12-Aug,45-36,50-31,9-Oct,21-15,75-48,20-19,32-36,63-31,,,,2021,61,28.7,4.56,162,6099,5362,738,1251,255,18,194,700,82,21,586,1465,0.233,0.317,0.396,0.713,92,2124,102,88,25,35,26,1113
124,5,Houston Astros,95,67,0.586,,5.3,4.1,1.3,-0.1,1.2,101-61,-6,18-13,19-16,49-27,11-Sep,51-30,44-37,8-Sep,21-19,61-39,34-28,45-32,50-35,,,,2021,52,28.9,5.33,162,6291,5593,863,1496,299,14,221,834,53,16,569,1222,0.267,0.339,0.444,0.783,113,2486,136,64,9,54,25,1159
125,6,Chicago White Sox,93,69,0.574,,4.9,3.9,1.0,-0.2,0.8,97-65,-4,19-14,44-32,16-17,14-6,53-28,40-41,7-Jun,18-24,68-52,25-17,27-29,66-40,,,,2021,47,28.0,4.91,162,6084,5357,796,1373,275,22,190,757,57,20,586,1389,0.256,0.336,0.422,0.758,106,2262,139,78,24,39,10,1125
126,7,Boston Red Sox,92,70,0.568,,5.1,4.6,0.5,0.1,0.6,88-74,4,41-35,20-13,15-18,16-4,49-32,43-38,5-Nov,26-18,57-39,35-31,46-48,46-22,,,,2021,56,28.0,5.12,162,6122,5495,829,1434,330,23,219,783,40,21,512,1386,0.261,0.328,0.449,0.777,106,2467,100,61,10,42,22,1093
127,8,New York Yankees,92,70,0.568,,4.4,4.1,0.3,0.1,0.4,86-76,6,36-40,22-10,22-12,8-Dec,46-35,46-35,8-Oct,28-20,60-46,32-24,48-43,44-27,,,,2021,59,29.3,4.39,162,6060,5331,711,1266,213,12,222,666,63,18,621,1482,0.237,0.322,0.407,0.729,100,2169,154,63,10,34,14,1097
128,9,Toronto Blue Jays,91,71,0.562,,5.2,4.1,1.1,0.0,1.2,99-63,-8,42-34,19-15,16-16,14-6,47-33,44-38,9-Mar,15-15,68-51,23-20,48-44,43-27,,,,2021,62,26.8,5.22,162,6070,5476,846,1455,285,13,262,816,81,20,496,1218,0.266,0.33,0.466,0.797,113,2552,112,51,10,35,14,1056
129,10,St. Louis Cardinals,90,72,0.556,,4.4,4.1,0.2,-0.2,0.0,85-77,5,17-16,42-34,20-13,9-Nov,45-36,45-36,2-Jul,26-19,66-59,24-13,32-36,58-36,,,,2021,51,28.5,4.36,162,6001,5351,706,1303,261,22,198,678,89,22,478,1341,0.244,0.313,0.412,0.725,99,2202,99,86,40,44,32,1081
130,11,Seattle Mariners,90,72,0.556,,4.3,4.6,-0.3,0.1,-0.2,76-86,14,19-15,15-17,47-29,11-Sep,46-35,44-37,14-7,33-19,54-44,36-28,44-34,46-38,,,,2021,63,27.0,4.3,162,6010,5355,697,1209,233,11,199,673,64,24,535,1492,0.226,0.303,0.385,0.688,92,2061,92,72,9,36,8,1040
131,12,Atlanta Braves,88,73,0.547,,4.9,4.1,0.8,-0.1,0.7,94-67,-6,45-31,22-12,15-16,14-Jun,42-38,46-35,9-May,26-31,65-55,23-18,31-37,57-36,,,,2021,56,28.2,4.91,161,6056,5363,790,1307,269,20,239,762,59,19,549,1453,0.244,0.319,0.435,0.754,98,2333,81,67,32,43,36,1072
132,13,Oakland Athletics,86,76,0.531,,4.6,4.2,0.3,0.1,0.4,87-75,-1,15-18,23-10,37-39,9-Nov,43-38,43-38,3-Aug,23-27,49-50,37-26,30-51,56-25,,,,2021,50,30.1,4.59,162,6104,5395,743,1284,271,19,199,698,88,20,545,1349,0.238,0.317,0.406,0.723,102,2190,99,98,17,49,17,1084
133,14,Cincinnati Reds,83,79,0.512,,4.9,4.7,0.2,-0.2,0.0,83-79,0,20-13,43-33,22-Nov,11-Sep,44-37,39-42,8-Sep,24-20,62-59,21-20,31-37,52-42,,,,2021,55,28.9,4.85,162,6162,5423,786,1352,295,13,222,756,36,24,553,1425,0.249,0.328,0.431,0.759,95,2339,129,105,35,45,22,1110
134,15,Philadelphia Phillies,82,80,0.506,,4.5,4.6,-0.1,0.0,-0.1,80-82,2,41-35,20-14,13-19,12-Aug,47-34,35-46,6-Nov,30-25,59-51,23-29,30-38,52-42,,,,2021,55,29.1,4.53,162,6089,5366,734,1288,262,24,198,700,77,19,564,1402,0.24,0.318,0.408,0.726,95,2192,103,67,47,43,37,1115
135,16,Cleveland Indians,80,82,0.494,,4.4,4.5,-0.1,-0.1,-0.1,80-82,0,13-21,43-33,15-17,11-Sep,40-41,40-41,9-Jul,17-22,51-52,29-30,28-51,52-31,,,,2021,48,26.7,4.43,162,5907,5332,717,1269,248,22,203,686,109,17,453,1387,0.238,0.303,0.407,0.71,94,2170,105,64,20,36,18,987
136,17,San Diego Padres,79,83,0.488,,4.5,4.4,0.1,0.1,0.2,83-79,-4,15-18,16-17,34-42,14-6,45-36,34-47,8-Aug,21-26,55-63,24-20,39-44,40-39,,,,2021,54,28.0,4.5,162,6119,5384,729,1305,273,21,180,695,110,39,586,1324,0.242,0.321,0.401,0.722,101,2160,121,61,36,46,42,1123
137,18,Detroit Tigers,77,85,0.475,,4.3,4.7,-0.4,-0.1,-0.4,75-87,2,18-14,30-46,18-16,9-Nov,42-39,35-46,8-Dec,23-23,48-60,29-25,39-36,38-49,,,,2021,49,28.1,4.3,162,5979,5376,697,1299,236,37,179,675,88,25,490,1514,0.242,0.308,0.399,0.707,96,2146,113,44,17,50,8,1031
138,19,New York Mets,77,85,0.475,,3.9,4.1,-0.2,0.0,-0.2,77-85,0,39-37,13-20,16-17,11-Sep,47-34,30-51,7-Nov,31-35,59-52,18-33,33-53,44-32,,,,2021,64,28.2,3.93,162,5856,5210,636,1243,228,18,176,604,54,26,495,1392,0.239,0.315,0.391,0.705,93,2035,123,94,34,23,25,1099
139,20,Los Angeles Angels,77,85,0.475,,4.5,5.0,-0.5,0.2,-0.3,73-89,4,16-17,21-12,29-47,9-Nov,40-42,37-43,5-Mar,25-14,47-60,30-25,39-62,38-23,,,,2021,64,29.2,4.46,162,6019,5437,723,1331,265,23,190,691,79,26,464,1394,0.245,0.31,0.407,0.717,93,2212,107,59,30,25,35,1029
140,21,Colorado Rockies,74,87,0.46,,4.6,4.9,-0.4,0.1,-0.2,75-86,-1,19-13,14-19,31-45,10-Oct,48-33,26-54,7-Aug,24-25,47-69,27-18,31-52,43-35,,,,2021,45,28.1,4.59,161,6007,5374,739,1338,275,34,182,709,76,23,491,1356,0.249,0.317,0.414,0.731,86,2227,98,58,48,36,24,1074
141,22,Kansas City Royals,74,88,0.457,,4.2,4.9,-0.6,0.0,-0.6,71-91,3,21-Dec,36-40,14-19,8-Dec,39-42,35-46,5-Apr,21-19,48-64,26-24,35-44,39-44,,,,2021,48,29.3,4.23,162,5993,5427,686,1349,251,29,163,647,124,33,421,1258,0.249,0.306,0.396,0.702,90,2147,100,55,31,52,8,1050
142,23,Minnesota Twins,73,89,0.451,,4.5,5.1,-0.6,0.0,-0.6,71-91,2,13-20,37-39,13-20,10-Oct,38-43,35-46,12-Nov,25-19,53-53,20-36,29-49,44-40,,,,2021,57,28.3,4.5,162,6078,5431,729,1311,271,17,228,690,54,15,525,1405,0.241,0.314,0.423,0.738,103,2300,122,70,7,42,17,1092
143,24,Chicago Cubs,71,91,0.438,,4.4,5.2,-0.8,-0.1,-0.9,68-94,3,13-21,35-41,17-15,14-Jun,39-42,32-49,7-Jun,24-27,50-67,21-24,31-60,40-31,,,,2021,69,29.1,4.35,162,5972,5306,705,1255,225,26,210,672,86,37,502,1596,0.237,0.312,0.407,0.719,93,2162,133,92,40,30,17,1019
144,25,Miami Marlins,67,95,0.414,,3.8,4.3,-0.5,0.0,-0.5,72-90,-5,35-41,20-Dec,17-17,17-Mar,42-39,25-56,8-Sep,21-29,49-64,18-31,31-56,36-39,,,,2021,61,28.2,3.85,162,5929,5348,623,1244,226,23,158,594,106,29,450,1553,0.233,0.298,0.372,0.671,81,1990,95,65,30,30,25,1042
145,26,Washington Nationals,65,97,0.401,,4.5,5.1,-0.6,0.0,-0.6,72-90,-7,30-46,14-18,23-Nov,10-Oct,35-46,30-51,11-Feb,22-26,47-63,18-34,27-58,38-39,,,,2021,60,28.7,4.47,162,6113,5385,724,1388,272,20,182,686,56,26,573,1303,0.258,0.337,0.417,0.754,107,2246,158,84,38,31,43,1185
146,27,Pittsburgh Pirates,61,101,0.377,,3.8,5.1,-1.4,0.0,-1.4,58-104,3,17-17,23-53,21-Nov,10-Oct,37-44,24-57,3-May,20-22,47-65,14-36,29-59,32-42,,,,2021,64,27.5,3.76,162,5983,5336,609,1261,240,35,124,570,60,30,529,1328,0.236,0.309,0.364,0.673,82,1943,102,49,31,37,24,1128
147,28,Texas Rangers,60,102,0.37,,3.9,5.0,-1.2,0.2,-1.0,62-100,-2,14-20,21-Nov,28-48,13-Jul,36-45,24-57,9-Sep,18-21,33-68,27-34,34-63,26-39,,,,2021,54,26.8,3.86,162,5943,5405,625,1254,225,24,167,598,106,29,433,1381,0.232,0.294,0.375,0.67,83,2028,113,58,16,31,10,1007
148,29,Baltimore Orioles,52,110,0.321,,4.1,5.9,-1.8,0.3,-1.5,54-108,-2,20-56,24-Oct,15-17,13-Jul,27-54,25-56,7-Apr,13-24,30-67,22-43,30-78,22-32,,,,2021,62,26.7,4.07,162,5983,5420,659,1296,266,15,195,632,54,23,451,1454,0.239,0.304,0.402,0.705,92,2177,105,65,14,31,12,1046
149,30,Arizona Diamondbacks,52,110,0.321,,4.2,5.5,-1.3,0.2,-1.1,61-101,-9,13-21,13-19,22-54,16-Apr,32-49,20-61,10-Jun,31-Oct,40-75,Dec-35,22-63,30-47,,,,2021,64,28.9,4.19,162,6144,5489,679,1297,308,31,144,644,43,16,537,1465,0.236,0.309,0.382,0.692,87,2099,99,54,32,28,24,1152
150,1,Los Angeles Dodgers,43,17,0.717,,5.8,3.6,2.3,-0.1,2.2,43-17,0,0-0,0-0,27-13,16-4,21-9,22-8,1-May,5-Jul,30-12,13-5,5-Aug,35-12,,,,2020,38,28.0,5.82,60,2316,2042,349,523,97,6,118,327,29,8,228,471,0.256,0.338,0.483,0.821,119,986,46,30,3,12,7,401
151,2,Tampa Bay Rays,40,20,0.667,,4.8,3.8,1.0,-0.1,0.9,36-24,4,27-13,0-0,0-0,13-7,20-9,20-11,3-Apr,14-5,31-12,8-Sep,21-9,19-11,,,,2020,43,27.1,4.82,60,2261,1975,289,470,105,12,80,274,48,9,243,608,0.238,0.328,0.425,0.753,111,839,38,28,0,14,9,424
152,3,San Diego Padres,37,23,0.617,,5.4,4.0,1.4,0.0,1.4,38-22,-1,0-0,0-0,24-16,13-7,21-11,16-12,Apr-00,8-Aug,27-13,10-Oct,7-Jun,31-16,,,,2020,47,26.7,5.42,60,2231,1972,325,506,103,12,95,312,55,13,204,479,0.257,0.333,0.466,0.798,120,918,37,28,12,14,6,368
153,4,Minnesota Twins,36,24,0.6,,4.5,3.6,0.9,0.0,0.9,36-24,0,0-0,23-17,0-0,13-7,24-7,17-Dec,1-Mar,5-Sep,27-17,7-Sep,18-12,18-12,,,,2020,43,28.7,4.48,60,2168,1937,269,468,81,3,91,258,14,7,186,528,0.242,0.315,0.427,0.743,104,828,38,29,2,14,9,378
154,5,Oakland Athletics,36,24,0.6,,4.6,3.9,0.7,-0.4,0.3,35-25,1,0-0,0-0,26-14,10-Oct,22-10,14-14,1-Jun,6-Jul,25-21,3-Nov,4-Feb,34-20,,,,2020,38,28.1,4.57,60,2201,1908,274,430,91,11,71,264,26,3,238,524,0.225,0.322,0.396,0.718,100,756,44,39,2,14,5,401
155,6,Atlanta Braves,35,25,0.583,,5.8,4.8,1.0,-0.2,0.8,35-25,0,24-16,0-0,0-0,9-Nov,19-11,16-14,3-Feb,6-Nov,27-21,4-Aug,9-Dec,23-16,,,,2020,48,28.2,5.8,60,2344,2074,348,556,130,3,103,338,23,4,239,573,0.268,0.349,0.483,0.832,117,1001,39,23,1,7,13,446
156,7,Cleveland Indians,35,25,0.583,,4.1,3.5,0.7,0.0,0.6,35-25,0,0-0,23-17,0-0,8-Dec,18-12,17-13,2-Apr,6-Aug,27-20,5-Aug,16-15,19-10,,,,2020,39,27.9,4.13,60,2247,1959,248,446,96,5,59,234,25,10,239,517,0.228,0.317,0.372,0.689,88,729,40,24,7,16,4,412
157,8,Chicago White Sox,35,25,0.583,,5.1,4.1,1.0,0.0,1.0,36-24,-1,0-0,25-15,0-0,10-Oct,18-12,17-13,2-Jan,8-May,21-25,14-0,20-Dec,23-5,,,,2020,48,27.6,5.1,60,2267,2047,306,534,94,6,96,294,20,8,179,571,0.261,0.326,0.453,0.779,112,928,44,24,1,13,1,400
158,9,Chicago Cubs,34,26,0.567,,4.4,4.0,0.4,-0.2,0.3,33-27,1,0-0,22-18,0-0,8-Dec,19-14,15-12,1-Mar,9-Oct,27-22,4-Jul,19-14,15-12,,,,2020,47,27.9,4.42,60,2214,1918,265,422,82,8,74,248,24,10,229,568,0.22,0.318,0.387,0.705,90,742,42,52,1,13,9,412
159,10,New York Yankees,33,27,0.55,,5.3,4.5,0.8,-0.1,0.7,34-26,-1,23-17,0-0,0-0,10-Oct,22-9,18-Nov,2-May,7-Jun,26-19,8-Jul,17-Oct,23-10,,,,2020,43,28.5,5.25,60,2210,1915,315,473,87,7,94,301,27,7,251,480,0.247,0.342,0.447,0.789,118,856,51,30,1,11,5,409
160,11,Toronto Blue Jays,32,28,0.533,,5.0,5.2,-0.2,0.0,-0.1,29-31,3,22-18,0-0,0-0,10-Oct,17-9,15-19,6-May,13-10,20-20,8-Dec,15-Dec,20-13,,,,2020,49,25.9,5.03,60,2263,2023,302,516,104,4,88,288,33,6,203,508,0.255,0.325,0.441,0.766,108,892,39,12,8,14,4,404
161,12,St. Louis Cardinals,30,28,0.517,,4.1,3.9,0.2,-0.2,0.0,30-28,0,0-0,22-18,0-0,10-Aug,14-13,16-15,3-Jan,6-Jul,26-21,7-Apr,15-15,15-13,,,,2020,44,28.8,4.14,58,2011,1752,240,410,73,7,51,231,18,10,205,477,0.234,0.323,0.371,0.694,92,650,38,33,4,16,3,365
162,13,Miami Marlins,31,29,0.517,,4.4,5.1,-0.7,0.1,-0.6,26-34,5,21-19,0-0,0-0,10-Oct,15-Nov,20-14,2-Mar,8-Nov,24-17,12-Jul,14-Sep,22-15,,,,2020,61,29.0,4.38,60,2167,1935,263,472,82,5,60,247,51,14,191,537,0.244,0.319,0.384,0.703,89,744,37,25,6,9,6,401
163,14,Cincinnati Reds,31,29,0.517,,4.1,4.1,0.0,-0.2,-0.2,30-30,1,0-0,21-19,0-0,10-Oct,16-13,15-16,Feb-00,8-Jul,24-23,6-Jul,13-17,18-12,,,,2020,43,29.1,4.05,60,2123,1842,243,390,76,3,90,237,29,9,239,534,0.212,0.312,0.403,0.715,85,742,44,33,0,7,4,371
164,15,Houston Astros,29,31,0.483,,4.7,4.6,0.1,-0.3,-0.2,30-30,-1,0-0,0-0,19-21,10-Oct,20-8,23-Sep,7-Feb,14-Oct,17-21,10-Dec,13-Apr,25-18,,,,2020,43,29.2,4.65,60,2229,1992,279,478,103,12,69,268,22,11,192,440,0.24,0.312,0.408,0.72,95,812,39,23,6,13,5,400
165,16,San Francisco Giants,29,31,0.483,,5.0,5.0,0.0,0.3,0.3,30-30,-1,0-0,0-0,18-22,9-Nov,19-14,17-Oct,3-Feb,8-Aug,15-21,14-10,19-Jul,22-12,,,,2020,45,29.8,4.98,60,2259,2019,299,532,107,14,81,290,19,8,195,499,0.263,0.335,0.451,0.785,115,910,51,27,4,13,8,411
166,17,Milwaukee Brewers,29,31,0.483,,4.1,4.4,-0.3,-0.1,-0.4,28-32,1,0-0,19-21,0-0,10-Oct,15-14,14-17,2-Mar,5-Nov,18-24,7-Nov,19-24,7-Oct,,,,2020,43,28.5,4.12,60,2188,1920,247,429,83,5,75,238,15,11,221,582,0.223,0.313,0.389,0.702,87,747,53,35,0,10,8,393
167,18,Philadelphia Phillies,28,32,0.467,,5.1,5.2,-0.1,0.0,-0.1,30-30,-2,21-19,0-0,0-0,13-Jul,19-13,19-Sep,2-Mar,10-Aug,15-23,13-9,13-20,15-12,,,,2020,46,28.5,5.1,60,2223,1948,306,500,90,10,82,289,35,8,229,480,0.257,0.342,0.439,0.781,109,856,40,28,8,10,16,425
168,19,Seattle Mariners,27,33,0.45,,4.2,5.1,-0.8,-0.1,-0.9,25-35,2,0-0,0-0,20-20,13-Jul,14-10,13-23,3-Feb,8-Jul,19-21,12-Aug,12-Aug,19-21,,,,2020,49,26.6,4.23,60,2181,1929,254,435,88,5,60,244,50,16,207,545,0.226,0.309,0.37,0.678,90,713,35,30,3,12,5,379
169,20,New York Mets,26,34,0.433,,4.8,5.1,-0.4,0.0,-0.3,28-32,-2,17-23,0-0,0-0,11-Sep,17-Dec,14-17,4-Jan,11-Jun,18-20,14-Aug,14-18,16-Dec,,,,2020,47,27.8,4.77,60,2279,2023,286,551,106,7,86,278,20,10,197,498,0.272,0.348,0.459,0.807,121,929,53,45,1,13,8,450
170,21,Los Angeles Angels,26,34,0.433,,4.9,5.4,-0.5,-0.1,-0.6,28-32,-2,0-0,0-0,19-21,13-Jul,16-15,19-Oct,5-Mar,9-Sep,17-24,10-Sep,13-Jul,19-21,,,,2020,45,28.5,4.9,60,2308,2020,294,501,97,8,85,285,21,8,239,490,0.248,0.332,0.43,0.763,107,869,49,25,6,18,8,436
171,22,Kansas City Royals,26,34,0.433,,4.1,4.5,-0.4,0.2,-0.2,27-33,-1,0-0,17-23,0-0,11-Sep,15-15,19-Nov,2-Jan,9-Aug,22-27,7-Apr,17-27,7-Sep,,,,2020,48,27.8,4.13,60,2200,1988,248,485,97,7,68,237,49,20,172,527,0.244,0.309,0.402,0.711,91,800,28,18,8,10,3,395
172,23,Colorado Rockies,26,34,0.433,,4.6,5.9,-1.3,0.4,-0.9,23-37,3,0-0,0-0,17-23,11-Sep,18-Dec,14-16,2-Jan,8-Sep,16-24,10-Oct,15-Sep,17-19,,,,2020,40,28.7,4.58,60,2257,2057,275,528,84,16,63,264,42,9,161,543,0.257,0.311,0.405,0.716,81,833,41,10,7,19,12,395
173,24,Washington Nationals,26,34,0.433,,4.9,5.0,-0.1,0.0,-0.2,29-31,-3,17-23,0-0,0-0,11-Sep,15-18,16-Nov,1-Apr,9-Jul,15-28,6-Nov,14-17,17-Dec,,,,2020,43,28.6,4.88,60,2218,1968,293,519,112,12,66,279,33,12,192,451,0.264,0.336,0.433,0.769,107,853,42,32,5,21,16,411
174,25,Baltimore Orioles,25,35,0.417,,4.6,4.9,-0.3,0.1,-0.3,28-32,-3,14-26,0-0,0-0,9-Nov,13-20,15-Dec,4-Apr,12-Jul,18-29,6-Jul,26-Nov,14-9,,,,2020,45,26.3,4.57,60,2242,2026,274,523,102,7,77,264,19,14,164,514,0.258,0.321,0.429,0.75,102,870,32,27,15,10,5,410
175,26,Arizona Diamondbacks,25,35,0.417,,4.5,4.9,-0.4,0.3,-0.1,27-33,-2,0-0,0-0,14-26,9-Nov,16-14,21-Sep,0-3,9-Sep,20-24,11-May,15-Sep,16-20,,,,2020,45,29.1,4.48,60,2238,1997,269,482,101,12,58,255,23,7,181,461,0.241,0.312,0.391,0.704,90,781,37,36,1,23,5,402
176,27,Boston Red Sox,24,36,0.4,,4.9,5.9,-1.0,0.2,-0.8,25-35,-1,14-26,0-0,0-0,10-Oct,20-Nov,13-16,0-4,9-Apr,17-19,17-Jul,13-26,10-Nov,,,,2020,47,27.0,4.87,60,2304,2083,292,552,118,7,81,278,31,9,187,545,0.265,0.33,0.445,0.775,104,927,51,21,4,9,8,429
177,28,Detroit Tigers,23,35,0.397,,4.3,5.5,-1.2,0.3,-0.9,23-35,0,0-0,28-Dec,0-0,7-Nov,15-Dec,20-Nov,2-Jan,9-Jul,16-31,4-Jul,14-27,8-Sep,,,,2020,45,27.5,4.29,58,2076,1893,249,463,78,12,62,242,19,6,147,567,0.245,0.303,0.397,0.7,91,751,42,19,1,14,1,337
178,29,Texas Rangers,22,38,0.367,,3.7,5.2,-1.5,-0.1,-1.6,21-39,1,0-0,0-0,16-24,14-Jun,16-14,24-Jun,2-Feb,6-Jul,15-23,15-Jul,13-Apr,18-25,,,,2020,49,27.4,3.73,60,2147,1936,224,420,80,9,62,204,49,14,167,548,0.217,0.285,0.364,0.648,78,704,33,24,2,18,3,354
179,30,Pittsburgh Pirates,19,41,0.317,,3.7,5.0,-1.3,0.1,-1.2,22-38,-3,0-0,16-24,0-0,17-Mar,13-19,22-Jun,5-Jan,15-Aug,17-31,10-Feb,14-30,11-May,,,,2020,49,27.1,3.65,60,2134,1932,219,425,76,6,59,210,16,11,167,521,0.22,0.284,0.357,0.641,74,690,34,11,7,15,6,355
180,1,Houston Astros,107,55,0.66,,5.7,4.0,1.7,-0.3,1.4,107-55,0,19-13,21-13,56-20,9-Nov,60-21,47-34,4-Oct,24-19,69-44,38-11,35-28,72-27,,,,2019,45,29.0,5.68,162,6394,5613,920,1538,323,28,288,891,67,27,645,1166,0.274,0.352,0.495,0.848,119,2781,146,66,10,57,17,1168
181,2,Los Angeles Dodgers,106,56,0.654,,5.5,3.8,1.7,0.0,1.7,107-55,-1,23-10,22-11,51-25,10-Oct,59-22,47-34,4-Jun,27-22,76-34,30-22,45-32,61-24,,,,2019,46,27.9,5.47,162,6282,5493,886,1414,302,20,279,861,57,10,607,1356,0.257,0.338,0.472,0.81,111,2593,100,81,55,45,47,1124
182,3,New York Yankees,103,59,0.636,,5.8,4.6,1.3,-0.3,1.0,99-63,4,54-22,18-15,19-14,8-Dec,57-24,46-35,4-Jul,18-19,70-41,33-18,43-32,60-27,,,,2019,54,28.3,5.82,162,6245,5583,943,1493,290,17,306,904,55,22,569,1437,0.267,0.339,0.49,0.829,118,2735,113,49,10,33,18,1039
183,4,Minnesota Twins,101,61,0.623,,5.8,4.7,1.1,-0.5,0.7,97-65,4,20-12,50-26,23-11,12-Aug,46-35,55-26,7-May,23-12,79-44,22-17,32-37,69-24,,,,2019,50,27.8,5.8,162,6392,5732,939,1547,318,23,307,906,28,21,525,1334,0.27,0.338,0.494,0.832,118,2832,101,81,10,41,21,1115
184,5,Atlanta Braves,97,65,0.599,,5.3,4.6,0.7,0.1,0.8,91-71,6,46-30,20-13,18-15,13-7,50-31,47-34,6-Nov,28-16,74-51,23-14,52-43,45-22,,,,2019,50,28.0,5.28,162,6302,5560,855,1432,277,29,249,824,89,28,619,1467,0.258,0.336,0.452,0.789,98,2514,104,60,25,35,39,1138
185,6,Oakland Athletics,97,65,0.599,,5.2,4.2,1.0,-0.2,0.8,97-65,0,17-16,25-8,44-32,9-Nov,52-29,45-36,9-Jun,27-22,62-51,35-14,35-27,62-38,,,,2019,49,27.8,5.22,162,6269,5561,845,1384,292,23,257,800,49,21,578,1338,0.249,0.327,0.448,0.776,108,2493,140,87,7,36,17,1081
186,7,Tampa Bay Rays,96,66,0.593,,4.7,4.0,0.7,-0.2,0.5,93-69,3,44-32,20-13,18-15,14-6,48-33,48-33,8-Nov,23-16,64-41,32-25,38-35,58-31,,,,2019,57,27.2,4.75,162,6285,5628,769,1427,291,29,217,730,94,37,542,1493,0.254,0.325,0.431,0.757,102,2427,114,73,8,34,20,1130
187,8,Washington Nationals,93,69,0.574,,5.4,4.5,0.9,0.0,1.0,95-67,-2,44-32,17-15,18-16,14-6,50-31,43-38,6-Apr,17-21,69-52,24-17,48-48,45-21,,,,2019,50,28.8,5.39,162,6267,5512,873,1460,298,27,231,824,116,29,584,1308,0.265,0.342,0.454,0.796,104,2505,117,81,48,42,33,1114
188,9,Cleveland Indians,93,69,0.574,,4.7,4.1,0.7,-0.4,0.2,93-69,0,18-16,48-28,19-13,12-Aug,49-32,44-37,7-Jun,15-16,60-47,33-22,25-39,68-30,,,,2019,54,27.7,4.75,162,6124,5425,769,1354,286,18,223,731,103,35,563,1332,0.25,0.323,0.432,0.756,95,2345,110,50,40,46,30,1072
189,10,St. Louis Cardinals,91,71,0.562,,4.7,4.1,0.6,0.1,0.8,92-70,-1,18-15,46-30,18-15,11-Sep,50-31,41-40,4-Aug,25-22,73-55,18-16,42-42,49-29,,,,2019,43,28.8,4.72,162,6167,5449,764,1336,246,24,210,714,116,29,561,1420,0.245,0.322,0.415,0.737,94,2260,110,76,40,39,15,1107
190,11,Milwaukee Brewers,89,73,0.549,,4.7,4.7,0.0,0.3,0.3,81-81,8,21-11,45-31,15-19,12-Aug,49-32,40-41,8-Jul,27-18,64-49,25-24,48-40,41-33,,,,2019,50,28.9,4.75,162,6309,5542,769,1366,279,17,250,744,101,25,629,1563,0.246,0.329,0.438,0.767,97,2429,120,72,20,38,42,1180
191,12,New York Mets,86,76,0.531,,4.9,4.5,0.3,0.2,0.5,86-76,0,40-36,14-19,17-16,15-5,48-33,38-43,9-Jul,24-23,68-53,18-23,47-55,39-21,,,,2019,53,27.9,4.88,162,6290,5624,791,1445,280,17,242,767,56,27,516,1384,0.257,0.328,0.442,0.77,105,2485,129,95,28,27,34,1128
192,13,Arizona Diamondbacks,85,77,0.525,,5.0,4.6,0.4,0.2,0.6,88-74,-3,17-17,16-16,38-38,14-6,44-37,41-40,9-Sep,24-26,60-58,25-19,35-40,50-37,,,,2019,45,28.7,5.02,162,6315,5633,813,1419,288,40,220,778,88,14,540,1360,0.252,0.323,0.434,0.757,94,2447,120,70,31,40,36,1119
193,14,Boston Red Sox,84,78,0.519,,5.6,5.1,0.5,-0.2,0.2,87-75,-3,35-41,21-11,18-16,10-Oct,38-43,46-35,8-Sep,23-22,60-48,24-30,28-45,56-33,,,,2019,47,27.3,5.56,162,6475,5770,901,1554,345,27,245,857,68,30,590,1382,0.269,0.34,0.466,0.806,106,2688,127,49,20,44,36,1170
194,15,Chicago Cubs,84,78,0.519,,5.0,4.4,0.6,0.2,0.8,90-72,-6,17-17,37-39,18-14,8-Dec,51-30,33-48,9-Apr,19-27,70-60,14-18,39-45,45-33,,,,2019,52,27.7,5.02,162,6195,5461,814,1378,270,26,256,783,45,24,581,1460,0.252,0.331,0.452,0.783,102,2468,127,83,30,39,33,1071
195,16,Philadelphia Phillies,81,81,0.5,,4.8,4.9,-0.1,0.2,0.1,79-83,2,36-40,20-13,14-19,9-Nov,45-36,36-45,6-Jul,20-20,63-56,18-25,48-52,33-29,,,,2019,56,27.7,4.78,162,6261,5571,774,1369,311,26,215,742,78,18,562,1453,0.246,0.319,0.427,0.746,92,2377,97,57,34,34,47,1129
196,17,Texas Rangers,78,84,0.481,,5.0,5.4,-0.4,0.0,-0.5,75-87,3,18-14,18-16,33-43,11-Sep,45-36,33-48,6-Jul,25-21,52-52,26-32,31-53,47-31,,,,2019,53,28.8,5.0,162,6204,5540,810,1374,296,24,223,765,131,38,534,1578,0.248,0.319,0.431,0.75,88,2387,98,67,17,44,18,1066
197,18,San Francisco Giants,77,85,0.475,,4.2,4.8,-0.6,0.3,-0.3,71-91,6,14-19,14-19,38-38,9-Nov,35-46,42-39,13-3,38-16,57-56,20-29,42-55,35-30,,,,2019,64,29.9,4.19,162,6170,5579,678,1332,300,26,167,655,47,28,475,1435,0.239,0.302,0.392,0.694,83,2185,111,50,24,42,26,1069
198,19,Cincinnati Reds,75,87,0.463,,4.3,4.4,-0.1,0.2,0.2,80-82,-5,17-17,33-43,16-16,11-Sep,41-40,34-47,8-Jul,24-33,58-64,17-23,46-60,29-27,,,,2019,47,27.8,4.33,162,6100,5450,701,1328,235,27,227,679,80,38,492,1436,0.244,0.315,0.422,0.736,85,2298,111,89,30,33,25,1073
199,20,Chicago White Sox,72,89,0.447,,4.4,5.2,-0.8,-0.3,-1.0,69-92,3,15-18,38-37,13-20,14-Jun,39-41,33-48,4-Apr,14-18,44-62,28-27,35-53,37-36,,,,2019,47,27.6,4.4,161,6042,5529,708,1443,260,20,182,676,63,28,378,1549,0.261,0.314,0.414,0.728,93,2289,114,66,36,32,13,1071
200,21,Los Angeles Angels,72,90,0.444,,4.7,5.4,-0.6,0.0,-0.6,72-90,0,17-18,13-18,30-46,8-Dec,38-43,34-47,7-Mar,18-22,49-60,23-30,29-55,43-35,,,,2019,57,28.8,4.75,162,6251,5542,769,1368,268,21,220,734,65,20,586,1276,0.247,0.324,0.422,0.746,96,2338,143,67,4,42,29,1125
201,22,Colorado Rockies,71,91,0.438,,5.2,5.9,-0.8,0.3,-0.4,71-91,0,16-17,15-18,32-44,12-Aug,43-38,28-53,6-Oct,22-21,46-55,25-36,38-60,33-31,,,,2019,50,28.2,5.15,162,6288,5660,835,1502,323,41,224,803,71,31,489,1503,0.265,0.326,0.456,0.782,89,2579,111,43,51,43,25,1075
202,23,San Diego Padres,70,92,0.432,,4.2,4.9,-0.7,0.3,-0.4,70-92,0,14-18,14-20,31-45,9-Nov,36-45,34-47,7-May,26-24,56-70,14-22,40-53,30-39,,,,2019,54,26.2,4.21,162,6019,5391,682,1281,224,24,219,652,70,37,504,1581,0.238,0.308,0.41,0.718,90,2210,120,55,37,31,19,1008
203,24,Pittsburgh Pirates,69,93,0.426,,4.7,5.6,-0.9,0.3,-0.7,68-94,1,21-Nov,29-47,17-17,8-Dec,35-46,34-47,11-Jul,19-25,53-66,16-27,30-72,39-21,,,,2019,54,27.5,4.68,162,6228,5657,758,1497,315,38,163,722,64,29,425,1213,0.265,0.321,0.42,0.741,94,2377,119,63,47,34,41,1103
204,25,Seattle Mariners,68,94,0.42,,4.7,5.5,-0.8,0.0,-0.9,69-93,-1,14-19,18-15,27-49,11-Sep,35-46,33-48,4-Sep,23-26,52-58,16-36,22-59,46-35,,,,2019,67,27.8,4.68,162,6199,5500,758,1305,254,28,239,730,115,47,588,1581,0.237,0.316,0.424,0.74,99,2332,83,58,14,37,7,1080
205,26,Toronto Blue Jays,67,95,0.414,,4.5,5.1,-0.6,-0.1,-0.7,71-91,-4,33-43,17-18,14-17,17-Mar,35-46,32-49,8-Jul,18-23,43-65,24-30,35-58,32-37,,,,2019,61,25.9,4.48,162,6091,5493,726,1299,270,21,247,697,51,20,509,1514,0.236,0.305,0.428,0.733,94,2352,107,45,14,28,10,1003
206,27,Kansas City Royals,59,103,0.364,,4.3,5.4,-1.1,-0.2,-1.3,64-98,-5,23-Oct,31-45,24-Sep,11-Sep,31-50,28-53,9-Apr,15-25,43-76,16-27,28-60,31-43,,,,2019,51,27.6,4.27,162,6080,5496,691,1356,281,40,162,655,117,39,456,1405,0.247,0.309,0.401,0.71,85,2203,113,59,24,42,17,1056
207,28,Miami Marlins,57,105,0.352,,3.8,5.0,-1.2,0.3,-0.9,61-101,-4,24-52,24-Oct,14-18,11-Sep,30-51,27-54,9-Jul,16-28,39-81,18-24,38-83,19-22,,,,2019,50,28.4,3.8,162,6045,5512,615,1326,265,18,146,593,55,30,395,1469,0.241,0.298,0.375,0.673,77,2065,139,73,31,33,16,1034
208,29,Baltimore Orioles,54,108,0.333,,4.5,6.1,-1.6,0.0,-1.5,60-102,-6,24-52,20-Dec,23-Nov,13-Jul,25-56,29-52,8-Feb,22-Nov,33-67,21-41,26-67,28-41,,,,2019,58,26.5,4.5,162,6189,5596,729,1379,252,25,213,698,84,30,462,1435,0.246,0.31,0.415,0.725,90,2320,111,71,22,37,8,1063
209,30,Detroit Tigers,47,114,0.292,,3.6,5.7,-2.1,-0.2,-2.2,49-112,-2,14-19,22-53,27-Jun,15-May,22-59,25-55,10-Jun,14-22,34-90,13-24,19-65,28-49,,,,2019,53,27.6,3.61,161,6039,5549,582,1333,292,41,149,556,57,20,391,1595,0.24,0.294,0.388,0.682,78,2154,108,48,9,42,14,1069
210,1,Boston Red Sox,108,54,0.667,,5.4,4.0,1.4,-0.2,1.2,103-59,5,52-24,19-14,21-12,16-4,57-24,51-30,5-Aug,25-14,87-38,21-16,41-33,67-21,,,,2018,44,27.7,5.41,162,6302,5623,876,1509,355,31,208,829,125,31,569,1253,0.268,0.339,0.453,0.792,112,2550,130,55,7,48,38,1124
211,2,Houston Astros,103,59,0.636,,4.9,3.3,1.6,-0.1,1.5,109-53,-6,19-15,25-7,46-30,13-7,46-35,57-24,6-May,24-24,66-36,37-23,41-38,62-21,,,,2018,41,28.2,4.92,162,6146,5453,797,1390,278,18,205,763,71,26,565,1197,0.255,0.329,0.425,0.754,106,2319,156,61,14,45,19,1052
212,3,New York Yankees,100,62,0.617,,5.3,4.1,1.1,-0.2,0.9,99-63,1,44-32,23-11,22-10,9-Nov,53-28,47-34,5-Sep,23-17,70-47,30-15,41-30,59-32,,,,2018,49,27.2,5.25,162,6271,5515,851,1374,269,23,267,821,63,21,625,1421,0.249,0.329,0.451,0.781,112,2490,107,62,10,59,21,1100
213,4,Oakland Athletics,97,65,0.599,,5.0,4.2,0.9,0.0,0.8,95-67,2,21-11,26-8,38-38,8-Dec,50-31,47-34,13-6,31-14,65-40,32-25,33-40,64-25,,,,2018,53,28.0,5.02,162,6255,5579,813,1407,322,20,227,778,35,21,550,1381,0.252,0.325,0.439,0.764,110,2450,136,76,6,44,18,1085
214,5,Milwaukee Brewers,96,67,0.589,,4.6,4.0,0.6,0.0,0.6,91-72,5,20-13,40-37,23-10,13-7,51-30,45-37,7-Sep,33-19,72-48,24-19,49-46,47-21,,,,2018,53,28.8,4.63,163,6210,5542,754,1398,252,24,218,711,124,32,537,1458,0.252,0.323,0.424,0.747,99,2352,128,58,29,41,32,1106
215,6,Chicago Cubs,95,68,0.583,,4.7,4.0,0.7,0.0,0.7,94-69,1,22-11,41-36,19-14,13-7,51-31,44-37,8-Nov,26-25,73-55,22-13,49-46,46-22,,,,2018,50,27.2,4.67,163,6369,5624,761,1453,286,34,167,722,66,38,576,1388,0.258,0.333,0.41,0.744,97,2308,107,78,40,46,67,1224
216,7,Los Angeles Dodgers,92,71,0.564,,4.9,3.7,1.2,0.1,1.2,102-61,-10,19-13,16-18,45-32,8-Dec,45-37,47-34,7-Aug,22-22,52-46,40-25,51-38,41-33,,,,2018,52,28.1,4.93,163,6358,5572,804,1394,296,33,235,756,75,24,647,1436,0.25,0.333,0.442,0.774,109,2461,119,61,39,39,47,1163
217,8,Cleveland Indians,91,71,0.562,,5.0,4.0,1.0,-0.4,0.6,98-64,-7,16-18,49-27,14-18,8-Dec,49-32,42-39,9-Apr,22-24,69-50,22-21,23-31,68-40,,,,2018,49,29.4,5.05,162,6300,5595,818,1447,297,19,216,786,135,36,554,1189,0.259,0.332,0.434,0.766,106,2430,98,80,25,44,32,1147
218,9,Colorado Rockies,91,72,0.558,,4.8,4.6,0.2,0.2,0.4,85-78,6,23-11,14-18,41-36,13-7,47-34,44-38,6-May,26-15,58-45,33-27,48-44,43-28,,,,2018,41,28.7,4.79,163,6178,5541,780,1418,280,42,210,748,95,33,507,1397,0.256,0.322,0.435,0.757,90,2412,114,51,42,37,38,1067
219,10,Atlanta Braves,90,72,0.556,,4.7,4.1,0.6,0.0,0.6,92-70,-2,49-27,18-14,15-19,12-Aug,43-38,47-34,8-Jun,23-12,69-46,21-26,38-40,52-32,,,,2018,58,27.3,4.69,162,6251,5582,759,1433,314,29,175,717,90,36,511,1290,0.257,0.324,0.417,0.742,98,2330,99,66,49,43,53,1143
220,11,Tampa Bay Rays,90,72,0.556,,4.4,4.0,0.4,-0.1,0.3,89-73,1,41-35,21-11,21-13,13-Jul,51-30,39-42,7-May,28-31,63-52,27-20,34-39,56-33,,,,2018,54,27.1,4.42,162,6195,5475,716,1415,274,43,150,664,128,51,540,1388,0.258,0.333,0.406,0.74,105,2225,122,101,28,50,17,1156
221,12,Seattle Mariners,89,73,0.549,,4.2,4.4,-0.2,0.1,-0.1,77-85,12,19-15,23-9,41-35,14-Jun,45-36,44-37,14-1,36-21,59-49,30-24,39-38,50-35,,,,2018,53,29.8,4.18,162,6087,5513,677,1402,256,32,176,644,79,37,430,1221,0.254,0.314,0.408,0.722,102,2250,128,70,29,41,17,1084
222,13,St. Louis Cardinals,88,74,0.543,,4.7,4.3,0.4,0.0,0.4,88-74,0,16-16,41-35,20-14,9-Nov,43-38,45-36,8-Aug,22-22,61-52,27-22,50-43,38-31,,,,2018,49,28.0,4.69,162,6200,5498,759,1369,248,9,205,725,63,32,525,1380,0.249,0.321,0.409,0.73,99,2250,92,80,46,48,40,1101
223,14,Pittsburgh Pirates,82,79,0.509,,4.3,4.3,0.0,0.1,0.1,80-81,2,20-Dec,43-33,21-Dec,15-5,44-36,38-43,5-Jul,29-22,61-52,21-27,39-53,43-26,,,,2018,48,27.8,4.3,161,6066,5447,692,1381,290,38,157,665,70,38,474,1229,0.254,0.317,0.407,0.725,98,2218,121,59,31,52,38,1071
224,15,Washington Nationals,82,80,0.506,,4.8,4.2,0.5,0.0,0.5,90-72,-8,41-35,18-16,14-18,11-Sep,41-40,41-40,10-Apr,18-24,64-52,18-28,33-44,49-36,,,,2018,53,27.6,4.76,162,6288,5517,771,1402,284,25,191,737,119,33,631,1289,0.254,0.335,0.419,0.753,98,2309,104,59,41,40,56,1180
225,16,Arizona Diamondbacks,82,80,0.506,,4.3,4.0,0.3,0.2,0.5,86-76,-4,17-17,16-16,39-37,10-Oct,40-41,42-39,9-May,20-31,54-50,28-30,42-48,40-32,,,,2018,49,29.2,4.28,162,6157,5460,693,1283,259,50,176,658,79,25,560,1460,0.235,0.31,0.397,0.707,86,2170,110,52,38,45,36,1086
226,17,Philadelphia Phillies,80,82,0.494,,4.2,4.5,-0.3,0.1,-0.3,76-86,4,34-42,19-14,15-18,8-Dec,49-32,31-50,6-Aug,23-18,59-66,21-16,44-50,36-32,,,,2018,48,26.7,4.18,162,6136,5424,677,1270,241,30,186,653,69,26,582,1520,0.234,0.314,0.393,0.707,89,2129,102,64,32,32,33,1120
227,18,Los Angeles Angels,80,82,0.494,,4.5,4.5,0.0,0.1,0.1,81-81,-1,21-Nov,22-12,37-39,10-Oct,42-39,38-43,7-May,26-15,58-53,22-29,35-61,45-21,,,,2018,60,29.6,4.45,162,6108,5472,721,1323,249,23,214,690,89,22,514,1300,0.242,0.313,0.413,0.726,99,2260,111,73,7,39,38,1071
228,19,Minnesota Twins,78,84,0.481,,4.6,4.8,-0.2,-0.3,-0.5,77-85,1,18-16,42-34,22-Oct,12-Aug,49-32,29-52,8-May,15-21,57-59,21-25,29-47,49-37,,,,2018,54,28.2,4.56,162,6154,5526,738,1379,317,22,166,704,47,27,534,1328,0.25,0.318,0.405,0.723,96,2238,89,37,19,38,25,1087
229,20,New York Mets,77,85,0.475,,4.2,4.4,-0.2,0.1,-0.1,78-84,-1,40-36,13-20,16-17,12-Aug,37-44,40-41,9-Sep,16-26,59-61,18-24,40-57,37-28,,,,2018,56,28.3,4.17,162,6177,5468,676,1282,265,34,170,649,71,39,566,1404,0.234,0.312,0.389,0.701,96,2125,116,73,28,42,36,1104
230,21,San Francisco Giants,73,89,0.451,,3.7,4.3,-0.6,0.3,-0.3,70-92,3,16-17,22-Nov,38-38,12-Aug,42-39,31-50,10-Nov,26-30,43-54,30-35,47-63,26-26,,,,2018,48,29.8,3.72,162,6113,5541,603,1324,255,30,133,573,77,34,448,1467,0.239,0.3,0.368,0.667,85,2038,113,49,33,42,40,1101
231,22,Toronto Blue Jays,73,89,0.451,,4.4,5.1,-0.8,0.0,-0.7,69-93,4,30-46,18-15,21-Dec,13-7,40-41,33-48,6-Oct,23-17,58-51,15-38,31-60,42-29,,,,2018,63,28.9,4.38,162,6076,5477,709,1336,320,16,217,680,47,30,499,1387,0.244,0.312,0.427,0.739,102,2339,118,58,5,37,15,1036
232,23,Cincinnati Reds,67,95,0.414,,4.3,5.1,-0.8,0.2,-0.6,69-93,-2,13-21,26-50,18-14,10-Oct,37-44,30-51,12-Jul,29-Oct,45-69,22-26,44-71,23-24,,,,2018,53,27.2,4.3,162,6240,5532,696,1404,251,25,172,665,77,33,559,1376,0.254,0.328,0.401,0.729,95,2221,128,65,49,35,35,1179
233,24,Texas Rangers,67,95,0.414,,4.5,5.2,-0.7,0.1,-0.6,71-91,-4,21-Dec,18-15,28-48,11-Sep,34-47,33-48,7-Jul,19-Dec,45-60,22-35,33-61,34-34,,,,2018,50,27.4,4.55,162,6163,5453,737,1308,266,24,194,696,74,35,555,1484,0.24,0.318,0.404,0.722,89,2204,104,88,33,34,16,1093
234,25,San Diego Padres,66,96,0.407,,3.8,4.7,-0.9,0.3,-0.7,65-97,1,15-17,16-18,28-48,13-Jul,31-50,35-46,11-May,22-21,47-59,19-37,42-66,24-30,,,,2018,49,26.8,3.81,162,6059,5486,617,1289,250,30,162,583,95,36,471,1523,0.235,0.297,0.38,0.677,88,2085,122,31,35,36,28,1028
235,26,Detroit Tigers,64,98,0.395,,3.9,4.9,-1.0,-0.2,-1.2,64-98,0,15-17,33-43,24-Oct,14-Jun,38-43,26-55,5-May,22-30,45-74,19-24,21-53,43-45,,,,2018,49,27.9,3.89,162,6029,5494,630,1326,284,35,135,597,70,30,428,1341,0.241,0.3,0.38,0.68,83,2085,110,52,15,40,18,1071
236,27,Miami Marlins,63,98,0.391,,3.7,5.0,-1.4,0.2,-1.2,58-103,5,26-50,13-19,15-18,11-Sep,38-43,25-55,6-Sep,19-21,51-72,26-Dec,34-62,29-36,,,,2018,51,27.5,3.66,161,6083,5488,589,1303,222,24,128,554,45,31,455,1384,0.237,0.303,0.357,0.659,83,1957,119,73,32,31,26,1123
237,28,Chicago White Sox,62,100,0.383,,4.0,5.2,-1.2,-0.2,-1.4,62-100,0,16-16,30-46,24-Oct,14-Jun,30-51,32-49,5-May,15-25,47-75,15-25,24-51,38-49,,,,2018,51,26.5,4.05,162,6071,5523,656,1332,259,40,182,639,98,41,425,1594,0.241,0.302,0.401,0.703,93,2217,99,66,24,32,18,1050
238,29,Kansas City Royals,58,104,0.358,,3.9,5.1,-1.2,-0.2,-1.4,62-100,-4,24-Sep,36-40,26-Jul,14-Jun,32-49,26-55,8-May,19-30,39-74,19-30,18-56,40-48,,,,2018,49,28.6,3.94,162,6063,5505,638,1350,283,29,155,606,117,38,427,1310,0.245,0.305,0.392,0.697,90,2156,123,67,24,40,13,1063
239,30,Baltimore Orioles,47,115,0.29,,3.8,5.5,-1.7,0.1,-1.5,55-107,-8,23-53,23-Oct,26-Jul,13-Jul,28-53,19-62,9-Apr,29-Dec,26-82,21-33,26-67,21-48,,,,2018,56,28.4,3.84,162,6034,5507,622,1317,242,15,188,593,81,22,422,1412,0.239,0.298,0.391,0.689,89,2153,132,57,13,35,19,1027
240,1,Los Angeles Dodgers,104,58,0.642,,4.8,3.6,1.2,-0.2,0.9,102-60,2,24-10,23-9,41-35,16-4,57-24,47-34,4-Aug,25-19,71-43,33-15,36-33,68-25,,,,2017,52,27.9,4.75,162,6191,5408,770,1347,312,20,221,730,77,28,649,1380,0.249,0.334,0.437,0.771,104,2362,119,64,31,38,41,1146
241,2,Cleveland Indians,102,60,0.63,,5.0,3.5,1.6,-0.1,1.5,108-54,-6,22-12,50-26,24-8,14-Jun,49-32,53-28,2-Apr,20-15,66-36,36-24,27-22,75-38,,,,2017,41,28.0,5.05,162,6234,5511,818,1449,333,29,212,780,88,23,604,1153,0.263,0.339,0.449,0.788,104,2476,125,50,23,45,30,1158
242,3,Houston Astros,101,61,0.623,,5.5,4.3,1.2,0.0,1.2,99-63,2,21-13,15-17,50-26,15-5,48-33,53-28,4-Apr,19-13,80-37,21-24,18-15,83-46,,,,2017,46,28.8,5.53,162,6271,5611,896,1581,346,20,238,854,98,42,509,1087,0.282,0.346,0.478,0.823,123,2681,139,70,11,61,27,1094
243,4,Washington Nationals,97,65,0.599,,5.1,4.1,0.9,-0.3,0.6,96-66,1,47-29,19-15,21-11,10-Oct,47-34,50-31,4-Jul,30-21,75-50,22-15,23-19,74-46,,,,2017,49,29.2,5.06,162,6214,5553,819,1477,311,31,215,796,108,30,542,1327,0.266,0.332,0.449,0.782,99,2495,116,31,43,45,56,1101
244,5,Boston Red Sox,93,69,0.574,,4.8,4.1,0.7,0.1,0.8,93-69,0,41-35,20-14,16-16,16-4,48-33,45-36,15-3,22-19,75-50,18-19,27-23,66-46,,,,2017,49,27.3,4.85,162,6338,5669,785,1461,302,19,168,735,106,31,571,1224,0.258,0.329,0.407,0.736,92,2305,141,53,9,36,48,1134
245,6,Arizona Diamondbacks,93,69,0.574,,5.0,4.1,0.9,-0.2,0.8,96-66,-3,19-14,17-16,45-31,8-Dec,52-29,41-40,3-Sep,29-23,68-52,25-17,39-35,54-34,,,,2017,45,28.3,5.01,162,6224,5525,812,1405,314,39,220,776,103,30,578,1456,0.254,0.329,0.445,0.774,94,2457,106,54,39,27,44,1118
246,7,Chicago Cubs,92,70,0.568,,5.1,4.3,0.8,-0.2,0.6,93-69,-1,21-13,46-30,13-19,8-Dec,48-33,44-37,3-Jul,26-17,71-56,21-14,35-35,57-35,,,,2017,47,27.1,5.07,162,6283,5496,822,1402,274,29,223,785,62,31,622,1401,0.255,0.338,0.437,0.775,99,2403,134,82,48,32,54,1147
247,8,New York Yankees,91,71,0.562,,5.3,4.1,1.2,0.1,1.3,100-62,-9,44-32,18-15,14-19,15-5,51-30,40-41,6-May,18-26,67-48,24-23,26-22,65-49,,,,2017,51,28.6,5.3,162,6354,5594,858,1463,266,23,241,821,90,22,616,1386,0.262,0.339,0.447,0.785,105,2498,119,64,18,56,22,1184
248,9,Colorado Rockies,87,75,0.537,,5.1,4.7,0.4,-0.1,0.3,87-75,0,17-16,18-15,42-34,10-Oct,46-35,41-40,3-Feb,21-14,59-55,28-20,37-35,50-40,,,,2017,41,28.3,5.09,162,6201,5534,824,1510,293,38,192,793,59,34,519,1408,0.273,0.338,0.444,0.781,90,2455,143,44,62,41,46,1088
249,10,Milwaukee Brewers,86,76,0.531,,4.5,4.3,0.2,-0.1,0.1,85-77,1,18-14,40-36,17-17,9-Nov,46-38,40-38,11-May,25-22,69-59,17-17,37-38,49-38,,,,2017,50,27.4,4.52,162,6135,5467,732,1363,267,22,224,695,128,41,547,1571,0.249,0.322,0.429,0.751,94,2346,116,53,42,26,34,1088
250,11,Minnesota Twins,85,77,0.525,,5.0,4.9,0.2,0.1,0.2,83-79,2,15-18,41-35,16-17,13-7,41-40,44-37,3-Mar,15-18,59-54,26-23,20-31,65-46,,,,2017,52,27.0,5.03,162,6261,5557,815,1444,286,31,206,781,95,28,593,1342,0.26,0.334,0.434,0.768,104,2410,105,46,26,39,26,1147
251,12,St. Louis Cardinals,83,79,0.512,,4.7,4.4,0.3,-0.1,0.2,87-75,-4,22-10,34-42,19-15,12-Aug,44-37,39-42,9-May,24-29,64-63,19-16,27-44,56-35,,,,2017,48,28.0,4.7,162,6219,5470,761,1402,284,28,196,728,81,31,593,1348,0.256,0.334,0.426,0.76,99,2330,139,65,47,44,36,1118
252,13,Los Angeles Angels,80,82,0.494,,4.4,4.4,0.0,0.1,0.1,81-81,-1,19-13,23-Nov,39-37,9-Nov,43-38,37-44,7-Aug,27-22,56-58,24-24,21-31,59-51,,,,2017,55,30.0,4.38,162,6073,5415,710,1314,251,14,186,678,136,44,523,1198,0.243,0.315,0.397,0.712,92,2151,141,70,17,46,30,1033
253,14,Kansas City Royals,80,82,0.494,,4.3,4.9,-0.5,0.2,-0.4,72-90,8,17-15,35-41,19-15,11-Sep,43-38,37-44,7-Apr,25-16,62-59,18-23,29-42,51-40,,,,2017,49,28.9,4.33,162,6027,5536,702,1436,260,24,193,660,91,31,390,1166,0.259,0.311,0.42,0.731,93,2323,160,45,17,37,19,1005
254,15,Tampa Bay Rays,80,82,0.494,,4.3,4.3,-0.1,0.2,0.1,80-82,0,35-41,18-15,16-17,9-Nov,42-39,38-43,6-Aug,21-24,61-53,19-29,31-37,49-45,,,,2017,53,28.3,4.28,162,6147,5478,694,1340,226,32,228,671,88,34,545,1538,0.245,0.317,0.422,0.739,99,2314,115,55,16,48,33,1114
255,16,Texas Rangers,78,84,0.481,,4.9,5.0,-0.1,0.1,0.0,79-83,-1,20-Dec,18-16,34-42,14-6,41-40,37-44,5-May,13-24,56-66,22-18,18-30,60-54,,,,2017,51,28.3,4.93,162,6122,5430,799,1326,255,21,237,756,113,44,544,1493,0.244,0.32,0.43,0.75,91,2334,110,81,27,39,18,1015
256,17,Seattle Mariners,78,84,0.481,,4.6,4.8,-0.1,0.1,0.0,79-83,-1,13-19,18-16,35-41,8-Dec,40-41,38-43,5-Jul,26-15,56-61,22-23,20-32,58-52,,,,2017,61,29.5,4.63,162,6166,5551,750,1436,281,17,200,714,89,35,487,1267,0.259,0.325,0.424,0.749,103,2351,131,78,14,35,31,1084
257,18,Miami Marlins,77,85,0.475,,4.8,5.1,-0.3,-0.2,-0.5,77-85,0,34-42,15-19,19-13,11-Sep,42-36,35-49,5-Jun,18-22,64-64,13-21,22-40,55-45,,,,2017,43,28.4,4.8,162,6248,5602,778,1497,271,31,194,743,91,30,486,1282,0.267,0.331,0.431,0.761,107,2412,119,67,50,41,48,1130
258,19,Toronto Blue Jays,76,86,0.469,,4.3,4.8,-0.6,0.3,-0.3,72-90,4,33-43,13-18,21-14,11-Sep,42-39,34-47,14-May,26-27,58-62,18-24,27-41,49-45,,,,2017,60,30.9,4.28,162,6154,5499,693,1320,269,5,222,661,53,24,542,1327,0.24,0.312,0.412,0.724,91,2265,153,51,25,35,12,1064
259,20,Pittsburgh Pirates,75,87,0.463,,4.1,4.5,-0.4,-0.1,-0.4,74-88,1,21-13,33-43,21-Nov,10-Oct,44-37,31-50,9-Aug,20-24,58-63,17-24,40-50,35-37,,,,2017,47,28.2,4.12,162,6136,5458,668,1331,249,36,151,635,67,36,519,1213,0.244,0.318,0.386,0.704,86,2105,120,88,42,28,39,1129
260,21,Baltimore Orioles,75,87,0.463,,4.6,5.2,-0.6,0.3,-0.3,72-90,3,37-39,13-21,17-15,12-Aug,46-35,29-52,4-Dec,21-20,49-63,26-24,25-46,50-41,,,,2017,50,28.6,4.59,162,6140,5650,743,1469,269,12,232,713,32,13,392,1412,0.26,0.312,0.435,0.747,100,2458,138,50,10,37,12,1041
261,22,Oakland Athletics,75,87,0.463,,4.6,5.1,-0.5,0.2,-0.4,73-89,2,16-19,20-11,32-44,13-Jul,46-35,29-52,9-Apr,21-21,56-61,19-26,24-25,51-62,,,,2017,54,28.7,4.56,162,6126,5464,739,1344,305,15,234,708,57,22,565,1491,0.246,0.319,0.436,0.755,104,2381,129,43,13,40,15,1075
262,23,Atlanta Braves,72,90,0.444,,4.5,5.1,-0.5,-0.2,-0.7,73-89,-1,33-43,21-Nov,19-15,11-Sep,37-44,35-46,8-Jun,19-24,57-75,15-15,25-37,47-53,,,,2017,49,28.7,4.52,162,6216,5584,732,1467,289,26,165,706,77,31,474,1184,0.263,0.326,0.412,0.738,92,2303,137,66,59,32,57,1127
263,24,San Diego Padres,71,91,0.438,,3.7,5.0,-1.3,0.0,-1.3,59-103,12,14-19,16-17,33-43,12-Aug,43-38,28-53,7-Apr,19-19,52-64,19-27,35-56,36-35,,,,2017,52,26.2,3.73,162,5954,5356,604,1251,227,31,189,576,89,33,460,1499,0.234,0.299,0.393,0.692,83,2107,99,53,52,33,20,1037
264,25,New York Mets,70,92,0.432,,4.5,5.3,-0.8,-0.1,-0.9,69-93,1,37-39,14-19,21-Dec,13-Jul,37-44,33-48,8-Mar,21-24,55-69,15-23,17-49,53-43,,,,2017,52,28.8,4.54,162,6169,5510,735,1379,286,28,224,713,58,23,529,1291,0.25,0.32,0.434,0.755,101,2393,118,57,36,37,31,1099
265,26,Cincinnati Reds,68,94,0.42,,4.6,5.4,-0.7,0.0,-0.7,70-92,-2,13-20,37-39,13-20,15-May,39-42,29-52,7-Mar,13-22,59-65,29-Sep,34-60,34-34,,,,2017,47,27.1,4.65,162,6213,5484,753,1390,249,38,219,715,120,39,565,1329,0.253,0.329,0.433,0.761,97,2372,116,72,50,42,41,1135
266,27,Chicago White Sox,67,95,0.414,,4.4,5.1,-0.7,0.2,-0.5,70-92,-3,13-20,33-43,15-18,14-Jun,39-42,28-53,5-May,21-23,47-69,20-26,23-49,44-46,,,,2017,51,26.7,4.36,162,6059,5513,706,1412,256,37,186,670,71,31,401,1397,0.256,0.314,0.417,0.731,96,2300,124,76,35,33,17,1055
267,28,Philadelphia Phillies,66,96,0.407,,4.3,4.8,-0.6,-0.1,-0.7,72-90,-6,39-37,21-Nov,23-Nov,15-May,39-42,27-54,10-Jul,21-36,42-75,24-21,23-43,43-53,,,,2017,51,26.6,4.26,162,6133,5535,690,1382,287,36,174,654,59,25,494,1417,0.25,0.315,0.409,0.723,89,2263,128,47,21,36,25,1079
268,29,San Francisco Giants,64,98,0.395,,3.9,4.8,-0.8,0.0,-0.9,67-95,-3,23-Sep,18-16,29-47,12-Aug,38-43,26-55,7-Dec,23-24,46-68,18-30,36-54,28-44,,,,2017,49,29.5,3.94,162,6137,5551,639,1382,290,28,128,612,76,34,467,1204,0.249,0.309,0.38,0.689,81,2112,136,36,31,52,37,1093
269,30,Detroit Tigers,64,98,0.395,,4.5,5.5,-1.0,0.2,-0.8,67-95,-3,16-17,31-45,24-Sep,12-Aug,34-47,30-51,4-Jan,17-23,43-76,21-22,28-40,36-58,,,,2017,49,29.6,4.54,162,6150,5556,735,1435,289,35,187,699,65,34,503,1313,0.258,0.324,0.424,0.748,98,2355,128,52,11,27,21,1104
270,1,Chicago Cubs,103,58,0.64,,5.0,3.4,1.6,-0.2,1.3,107-54,-4,19-14,50-25,19-14,15-5,57-24,46-34,4-Sep,22-23,75-41,28-17,31-25,72-33,,,,2016,45,27.4,4.99,162,6335,5503,808,1409,293,30,199,767,66,34,656,1339,0.256,0.343,0.429,0.772,104,2359,107,96,42,37,45,1217
271,2,Washington Nationals,95,67,0.586,,4.7,3.8,0.9,-0.3,0.6,97-65,-2,51-25,17-16,15-18,8-Dec,50-31,45-36,8-May,26-19,75-53,20-14,31-29,64-38,,,,2016,43,28.8,4.71,162,6201,5490,763,1403,268,29,203,735,121,39,536,1252,0.256,0.326,0.426,0.751,96,2338,102,64,48,63,49,1105
272,3,Texas Rangers,95,67,0.586,,4.7,4.7,0.0,0.1,0.2,82-80,13,16-17,19-14,47-29,13-7,53-28,42-39,6-Jun,36-11,73-48,22-19,60-31,35-36,,,,2016,52,28.4,4.72,162,6089,5525,765,1446,257,23,215,746,99,36,436,1220,0.262,0.322,0.433,0.755,96,2394,114,70,18,40,23,1038
273,4,Cleveland Indians,94,67,0.584,,4.8,4.2,0.6,0.0,0.6,91-70,3,14-18,49-26,18-16,13-7,53-28,41-39,6-Jun,28-21,63-47,31-20,48-43,46-24,,,,2016,48,29.0,4.83,161,6155,5484,777,1435,308,29,185,733,134,31,531,1246,0.262,0.329,0.43,0.759,96,2356,137,49,31,60,16,1084
274,5,Boston Red Sox,93,69,0.574,,5.4,4.3,1.1,0.1,1.3,98-64,-5,43-33,15-18,21-12,14-6,47-34,46-35,4-Jul,20-24,73-52,20-17,55-48,38-21,,,,2016,50,28.5,5.42,162,6320,5670,878,1598,343,25,208,836,83,24,558,1160,0.282,0.348,0.461,0.81,112,2615,137,43,8,40,34,1162
275,6,Los Angeles Dodgers,91,71,0.562,,4.5,3.9,0.5,-0.2,0.4,90-72,1,19-13,19-15,43-33,10-Oct,53-28,38-43,8-Jun,22-20,69-47,22-24,31-26,60-45,,,,2016,55,28.9,4.48,162,6164,5518,725,1376,272,21,189,680,45,26,525,1321,0.249,0.319,0.409,0.728,95,2257,120,58,30,32,31,1106
276,7,Baltimore Orioles,89,73,0.549,,4.6,4.4,0.2,0.3,0.4,84-78,5,40-36,23-9,22-Dec,14-6,50-31,39-42,2-Jun,21-16,66-50,23-23,53-54,36-19,,,,2016,47,28.5,4.59,162,6089,5524,744,1413,265,6,253,710,19,13,468,1324,0.256,0.317,0.443,0.76,101,2449,119,44,17,36,19,1065
277,8,Toronto Blue Jays,89,73,0.549,,4.7,4.1,0.6,0.2,0.8,91-71,-2,40-36,18-15,18-15,13-7,46-35,43-38,9-Apr,21-25,65-53,24-20,58-45,31-28,,,,2016,49,30.0,4.69,162,6233,5479,759,1358,276,18,221,728,54,24,632,1362,0.248,0.33,0.426,0.755,101,2333,153,55,26,40,16,1120
278,9,San Francisco Giants,87,75,0.537,,4.4,3.9,0.5,-0.2,0.3,90-72,-3,17-16,17-16,45-31,12-Aug,45-36,42-39,7-Nov,28-27,57-53,30-22,27-33,60-42,,,,2016,45,29.2,4.41,162,6271,5565,715,1437,280,54,130,675,79,36,572,1107,0.258,0.329,0.398,0.728,97,2215,120,42,42,46,43,1188
279,10,New York Mets,87,75,0.537,,4.1,3.8,0.3,-0.3,0.1,87-75,0,40-36,22-10,13-21,8-Dec,44-37,43-38,5-Aug,25-22,68-57,19-18,30-30,57-45,,,,2016,46,29.5,4.14,162,6115,5459,671,1342,240,19,218,649,42,18,517,1302,0.246,0.316,0.417,0.733,97,2274,123,62,35,41,43,1120
280,11,Detroit Tigers,86,75,0.534,,4.7,4.5,0.2,0.0,0.2,83-78,3,19-15,38-37,16-16,13-7,45-35,41-40,4-May,26-17,61-53,25-22,37-52,49-23,,,,2016,44,29.9,4.66,161,6127,5526,750,1476,252,30,211,719,58,29,493,1303,0.267,0.331,0.438,0.769,106,2421,135,53,17,38,32,1105
281,12,Seattle Mariners,86,76,0.531,,4.7,4.4,0.4,0.1,0.5,87-75,-1,19-13,16-18,38-38,13-7,44-37,42-39,8-Sep,30-30,62-42,24-34,44-47,42-29,,,,2016,54,30.5,4.74,162,6227,5583,768,1446,251,17,223,735,56,28,506,1288,0.259,0.326,0.43,0.756,106,2400,138,72,24,41,29,1099
282,13,St. Louis Cardinals,86,76,0.531,,4.8,4.4,0.4,-0.1,0.3,88-74,-2,17-16,42-34,19-14,12-Aug,38-43,48-33,3-Apr,24-23,66-52,20-24,24-35,62-41,,,,2016,41,28.5,4.81,162,6223,5548,779,1415,299,32,225,745,35,26,526,1318,0.255,0.325,0.442,0.767,104,2453,117,70,37,41,28,1113
283,14,Houston Astros,84,78,0.519,,4.5,4.3,0.1,0.1,0.3,83-79,1,15-18,17-16,41-35,9-Nov,43-38,41-40,8-Oct,28-25,57-52,27-26,39-53,45-25,,,,2016,43,26.4,4.47,162,6204,5545,724,1367,291,29,198,689,102,44,554,1452,0.247,0.319,0.417,0.735,103,2310,134,47,27,31,31,1086
284,15,New York Yankees,84,78,0.519,,4.2,4.3,-0.1,0.3,0.1,79-83,5,35-41,21-12,20-13,12-Aug,48-33,36-45,3-Apr,24-12,59-52,25-26,52-54,32-24,,,,2016,53,30.1,4.2,162,6059,5458,680,1378,245,20,183,647,72,22,475,1188,0.252,0.315,0.405,0.72,91,2212,121,42,21,49,19,1098
285,16,Kansas City Royals,81,81,0.5,,4.2,4.4,-0.2,0.1,-0.2,77-85,4,15-17,46-30,24-Oct,10-Oct,47-34,34-47,3-Jul,23-25,60-59,21-22,40-55,41-26,,,,2016,42,28.5,4.17,162,6052,5552,675,1450,264,33,147,640,121,35,382,1224,0.261,0.312,0.4,0.712,90,2221,134,45,38,34,23,1049
286,17,Miami Marlins,79,82,0.491,,4.1,4.2,-0.2,-0.2,-0.4,78-83,1,32-43,21-13,20-12,14-Jun,40-40,39-42,7-Apr,22-24,57-70,22-12,32-43,47-39,,,,2016,53,28.3,4.07,161,6134,5547,655,1460,259,42,128,626,71,28,447,1213,0.263,0.322,0.394,0.716,96,2187,140,54,46,38,40,1171
287,18,Pittsburgh Pirates,78,83,0.484,,4.5,4.7,-0.2,-0.1,-0.2,78-83,0,14-19,33-42,22-11,11-Sep,38-42,40-41,5-Aug,20-21,58-74,20-9,32-45,46-38,,,,2016,55,28.9,4.5,162,6261,5542,729,1426,277,32,153,696,110,45,561,1334,0.257,0.332,0.402,0.734,96,2226,133,81,41,36,39,1173
288,19,Chicago White Sox,78,84,0.481,,4.2,4.4,-0.2,0.1,-0.1,78-84,0,19-14,32-44,18-15,11-Sep,45-36,33-48,7-Aug,23-29,58-66,20-18,51-61,27-23,,,,2016,50,28.3,4.23,162,6131,5550,686,1428,277,33,168,656,77,36,455,1285,0.257,0.317,0.41,0.727,99,2275,122,53,29,44,16,1105
289,20,Colorado Rockies,75,87,0.463,,5.2,5.3,-0.1,-0.1,-0.2,80-82,-5,20-14,21-Nov,35-41,11-Sep,42-39,33-48,6-Mar,20-Dec,56-58,19-29,40-40,35-47,,,,2016,47,27.8,5.22,162,6236,5614,845,1544,318,47,204,805,66,39,494,1330,0.275,0.336,0.457,0.794,97,2568,113,40,54,34,35,1089
290,21,Los Angeles Angels,74,88,0.457,,4.4,4.5,-0.1,0.2,0.1,80-82,-6,13-21,17-15,35-41,11-Sep,40-41,34-47,0-4,17-20,53-66,21-22,46-68,28-20,,,,2016,53,28.5,4.43,162,6041,5431,717,1410,279,20,156,686,73,34,471,991,0.26,0.322,0.405,0.726,100,2197,147,51,36,49,21,1037
291,22,Milwaukee Brewers,73,89,0.451,,4.1,4.5,-0.4,-0.1,-0.5,74-88,-1,16-17,31-45,15-18,9-Nov,41-40,32-49,9-Apr,23-28,43-70,30-19,27-46,46-43,,,,2016,50,27.5,4.14,162,6061,5330,671,1299,249,19,194,641,181,56,599,1543,0.244,0.322,0.407,0.729,92,2168,131,37,53,39,34,1071
292,23,Philadelphia Phillies,71,91,0.438,,3.8,4.9,-1.1,-0.1,-1.3,62-100,9,30-46,21-Dec,18-15,9-Nov,37-44,34-47,6-Jul,28-23,54-74,17-17,27-49,44-42,,,,2016,49,26.9,3.77,162,5992,5434,610,1305,231,35,161,574,96,45,424,1376,0.24,0.301,0.384,0.685,82,2089,112,58,46,30,33,1043
293,24,Arizona Diamondbacks,69,93,0.426,,4.6,5.5,-0.9,0.0,-0.9,69-93,0,18-15,13-20,33-43,15-May,33-48,36-45,8-Aug,22-17,46-71,23-22,30-52,39-41,,,,2016,50,26.7,4.64,162,6260,5665,752,1479,285,56,190,709,137,31,463,1427,0.261,0.32,0.432,0.752,93,2446,117,50,43,38,43,1113
294,25,Oakland Athletics,69,93,0.426,,4.0,4.7,-0.7,0.2,-0.5,70-92,-1,16-17,17-16,29-47,13-Jul,34-47,35-46,5-Jun,25-28,53-67,16-26,49-64,20-29,,,,2016,51,28.7,4.03,162,6022,5500,653,1352,270,21,169,634,50,23,442,1145,0.246,0.304,0.395,0.699,91,2171,142,33,13,34,19,1036
295,26,Atlanta Braves,68,93,0.422,,4.0,4.8,-0.8,-0.1,-0.9,67-94,1,36-39,13-20,22-Nov,12-Aug,31-50,37-43,11-Nov,21-22,52-62,16-31,27-49,41-44,,,,2016,60,28.9,4.03,161,6192,5514,649,1404,295,27,122,615,75,34,502,1240,0.255,0.321,0.384,0.705,89,2119,145,59,64,52,60,1160
296,27,San Diego Padres,68,94,0.42,,4.2,4.8,-0.5,-0.1,-0.6,72-90,-4,14-19,14-19,34-42,14-Jun,39-42,29-52,6-Jun,19-31,47-72,21-22,32-50,36-44,,,,2016,58,28.1,4.23,162,6001,5419,686,1275,257,26,177,654,125,45,449,1500,0.235,0.299,0.39,0.689,86,2115,93,58,36,36,30,965
297,28,Tampa Bay Rays,68,94,0.42,,4.1,4.4,-0.3,0.3,0.0,77-85,-9,32-44,23-Nov,15-17,10-Oct,36-45,32-49,3-Apr,13-27,50-68,18-26,47-74,21-20,,,,2016,48,27.7,4.15,162,6046,5481,672,1333,288,32,216,647,60,37,449,1482,0.243,0.307,0.426,0.733,100,2333,88,69,18,28,20,1060
298,29,Cincinnati Reds,68,94,0.42,,4.4,5.3,-0.9,0.0,-0.8,68-94,0,14-19,33-43,16-17,15-May,38-43,30-51,10-Mar,22-27,54-74,14-20,24-54,44-40,,,,2016,52,27.8,4.42,162,6094,5487,716,1403,277,33,164,678,139,51,452,1284,0.256,0.316,0.408,0.724,91,2238,129,52,58,44,37,1014
299,30,Minnesota Twins,59,103,0.364,,4.5,5.5,-1.0,0.1,-0.9,66-96,-7,24-Oct,24-52,17-15,12-Aug,30-51,29-52,10-Jun,15-29,38-78,21-25,35-75,24-28,,,,2016,49,26.9,4.46,162,6245,5618,722,1409,288,35,200,690,91,32,513,1426,0.251,0.316,0.421,0.738,98,2367,96,44,27,43,24,1124
