Rk,Player,Age,Team,Lg,WAR,G,PA,AB,R,H,2B,3B,HR,RBI,SB,CS,BB,SO,BA,OBP,SLG,OPS,OPS+,rOBA,Rbat+,TB,GIDP,HBP,SH,SF,IBB,Pos,Awards,Player-additional
1,Dwight Evans,32,BOS,AL,5.4,162,738,630,121,186,37,8,32,104,3,1,96,115,0.295,0.388,0.532,0.92,147,0.416,152,335,19,4,1,7,2,*9/D,MVP-11GG,evansdw01
2,Juan Samuel,23,PHI,NL,3,160,737,701,105,191,36,19,15,69,72,15,28,168,0.272,0.307,0.442,0.749,107,0.365,109,310,6,7,0,1,2,*4/H,ASMVP-21ROY-2,samueju01
3,Wade Boggs*,26,BOS,AL,6.3,158,726,625,109,203,31,4,6,55,3,2,89,44,0.325,0.407,0.416,0.823,125,0.384,130,260,13,0,8,4,6,*5/DH,,boggswa01
4,Julio Franco,25,CLE,AL,2.5,160,718,658,82,188,22,5,3,79,19,10,43,68,0.286,0.331,0.348,0.679,87,0.327,92,229,23,6,1,10,1,*6/HD,,francju01
5,Tim Raines#,24,MON,NL,6.5,160,718,622,106,192,38,9,8,60,75,10,87,69,0.309,0.393,0.437,0.83,138,0.405,141,272,7,2,3,4,7,*8/4H,ASMVP-11,raineti01
6,Cal Ripken Jr.,23,BAL,AL,10,162,716,641,103,195,37,7,27,86,2,1,71,89,0.304,0.374,0.51,0.884,146,0.402,151,327,16,2,0,2,1,*6,ASMVP-27SS,ripkeca01
7,Brett Butler*,27,CLE,AL,3.7,159,709,602,108,162,25,9,3,49,52,22,86,62,0.269,0.361,0.355,0.717,98,0.354,109,214,6,4,11,6,1,*8/H9,,butlebr01
8,Jim Rice,31,BOS,AL,2.5,159,708,657,98,184,25,7,28,122,4,0,44,102,0.28,0.323,0.467,0.791,112,0.355,108,307,36,1,0,6,8,*7/D,ASMVP-13SS,riceji01
9,Eddie Murray#,28,BAL,AL,7.1,162,705,588,97,180,26,3,29,110,10,2,107,87,0.306,0.41,0.509,0.918,157,0.407,154,299,9,2,0,8,25,*3/D,ASMVP-4GGSS,murraed02
10,Marvell Wynne*,24,PIT,NL,-0.4,154,702,653,77,174,24,11,0,39,24,19,42,81,0.266,0.31,0.337,0.647,82,0.299,78,220,8,0,5,2,0,*8,,wynnema01
11,Robin Yount,28,MIL,AL,5.9,160,702,624,105,186,27,7,16,80,14,4,67,67,0.298,0.362,0.441,0.803,126,0.375,131,275,22,1,1,9,7,*6D/H,,yountro01
12,Ryne Sandberg,24,CHC,NL,8.5,156,700,636,114,200,36,19,19,84,32,7,52,101,0.314,0.367,0.52,0.887,140,0.424,153,331,7,3,5,4,3,*4,ASMVP-1GGSS,sandbry01
13,Alan Wiggins#,26,SDP,NL,3,158,692,596,106,154,19,7,3,34,70,21,75,57,0.258,0.342,0.329,0.671,90,0.353,106,196,2,3,14,4,1,*4/H,MVP-16,wiggial01
14,Dale Murphy,28,ATL,NL,5.5,162,691,607,94,176,32,8,36,100,19,7,79,134,0.29,0.372,0.547,0.919,149,0.411,149,332,13,2,0,3,20,*8/H,ASMVP-9GGSS,murphda05
15,Andre Thornton,34,CLE,AL,2.8,155,690,587,91,159,26,0,33,99,6,5,91,79,0.271,0.366,0.484,0.85,132,0.378,130,284,9,2,0,9,11,*D3,ASMVP-19SS,thornan01
16,Jack Perconte*,29,SEA,AL,3,155,689,612,93,180,24,4,0,31,29,6,57,47,0.294,0.357,0.346,0.704,98,0.343,103,212,5,5,11,3,1,*4/H,,percoja01
17,Lloyd Moseby*,24,TOR,AL,7.3,158,688,592,97,166,28,15,18,92,39,9,78,122,0.28,0.368,0.47,0.837,127,0.388,128,278,8,8,3,7,9,*8/H,MVP-22,mosebll01
18,José Cruz*,36,HOU,NL,6.3,160,685,600,96,187,28,13,12,95,22,8,73,68,0.312,0.381,0.462,0.842,145,0.391,149,277,8,0,2,10,10,*7/H,MVP-8SS,cruzjo01
19,Tony Armas,30,BOS,AL,2.6,157,679,639,107,171,29,5,43,123,1,3,32,156,0.268,0.3,0.531,0.831,121,0.364,117,339,13,1,0,7,9,*8D/9,ASMVP-7SS,armasto01
20,Alvin Davis*,23,SEA,AL,6,152,678,567,80,161,34,3,27,116,5,4,97,78,0.284,0.391,0.497,0.888,147,0.395,146,282,7,7,0,7,16,*3/D,ASMVP-12ROY-1,davisal01
21,Tony Gwynn*,24,SDP,NL,6.3,158,675,606,88,213,21,10,5,71,33,18,59,23,0.351,0.41,0.444,0.853,141,0.398,148,269,15,2,6,2,13,*9/H8,ASMVP-3SS,gwynnto01
22,Gary Carter,30,MON,NL,7.4,159,669,596,75,175,32,1,27,106,2,2,64,57,0.294,0.366,0.487,0.853,143,0.393,148,290,8,6,0,3,9,*23/H,ASMVP-14SS,cartega01
23,Mike Easler*,33,BOS,AL,3.7,156,666,601,87,188,31,5,27,91,1,1,58,134,0.313,0.376,0.516,0.892,140,0.397,140,310,8,4,1,2,4,*D3/H,,easlemi01
24,Dámaso García,27,TOR,AL,2,152,665,633,79,180,32,5,5,46,46,12,16,46,0.284,0.31,0.374,0.684,86,0.329,85,237,6,9,3,4,1,*4/HD,AS,garcida01
25,Larry Parrish,30,TEX,AL,2.1,156,664,613,72,175,42,1,22,101,2,4,42,116,0.285,0.336,0.465,0.801,117,0.364,119,285,20,6,0,3,7,9D5/7H,,parrila01
26,Willie Randolph,29,NYY,AL,3.3,142,664,564,86,162,24,2,2,31,10,6,86,42,0.287,0.377,0.348,0.725,107,0.34,108,196,15,0,7,7,4,*4,,randowi01
27,Don Mattingly*,23,NYY,AL,6.3,153,662,603,91,207,44,2,23,110,1,1,41,33,0.343,0.381,0.537,0.918,156,0.409,158,324,15,1,8,9,8,*37/9H8,ASMVP-5,mattido01
28,Gary Ward,30,TEX,AL,4.6,155,659,602,97,171,21,7,21,79,7,5,55,95,0.284,0.343,0.447,0.79,115,0.363,117,269,22,0,1,1,3,*879/DH,,wardga01
29,Jim Gantner*,31,MIL,AL,0.6,153,658,613,61,173,27,1,3,56,6,5,30,51,0.282,0.314,0.344,0.658,86,0.307,85,211,16,3,2,10,0,*4/H,,gantnji01
30,Keith Hernandez*,30,NYM,NL,6.3,154,657,550,83,171,31,0,15,94,2,3,97,89,0.311,0.409,0.449,0.859,143,0.397,149,247,9,1,0,9,12,*3/H,ASMVP-2GGSS,hernake01
31,Dave Parker*,33,CIN,NL,1,156,655,607,73,173,28,0,16,94,11,10,41,89,0.285,0.328,0.41,0.738,104,0.336,100,249,8,1,0,6,10,*9/H,,parkeda01
32,Steve Garvey,35,SDP,NL,0.4,161,653,617,72,175,27,2,8,86,1,2,24,64,0.284,0.307,0.373,0.68,91,0.322,91,230,25,1,1,10,3,*3/H,ASMVP-20,garvest01
33,Tim Teufel,25,MIN,AL,3.9,157,652,568,76,149,30,3,14,61,1,3,76,73,0.262,0.349,0.4,0.749,104,0.348,106,227,18,2,2,4,8,*4,ROY-4,teufeti01
34,Carney Lansford,27,OAK,AL,4.1,151,651,597,70,179,31,5,14,74,9,3,40,62,0.3,0.342,0.439,0.781,123,0.355,122,262,12,3,2,9,6,*5,,lansfca01
35,Dwayne Murphy*,29,OAK,AL,4.3,153,647,559,93,143,18,2,33,88,4,5,74,111,0.256,0.342,0.472,0.814,132,0.366,133,264,15,3,4,7,1,*8,GG,murphdw01
36,Gary Gaetti,25,MIN,AL,3.2,162,644,588,55,154,29,4,5,65,11,5,44,81,0.262,0.315,0.35,0.665,82,0.314,80,206,9,4,3,5,1,*5/76,,gaettga01
37,George Bell,24,TOR,AL,3.1,159,643,606,85,177,39,4,26,87,11,2,24,86,0.292,0.326,0.498,0.824,121,0.376,123,302,14,8,0,3,2,*97/HD5,MVP-19,bellge02
38,Tim Wallach,26,MON,NL,4.4,160,643,582,55,143,25,4,18,72,3,7,50,101,0.246,0.311,0.395,0.706,101,0.329,104,230,12,7,0,4,6,*5/6,AS,wallati01
39,Jason Thompson*,29,PIT,NL,1,154,636,543,61,138,22,0,17,74,0,0,87,73,0.254,0.357,0.389,0.746,110,0.34,104,211,13,2,0,4,14,*3/H,,thompja01
40,Cecil Cooper*,34,MIL,AL,0.7,148,635,603,63,166,28,3,11,67,8,2,27,59,0.275,0.307,0.386,0.693,95,0.32,92,233,12,2,0,3,6,*3D,,coopece01
41,Kent Hrbek*,24,MIN,AL,5.6,149,635,559,80,174,31,3,27,107,1,1,65,87,0.311,0.383,0.522,0.906,145,0.401,144,292,17,4,1,6,15,*3/DH,MVP-2,hrbekke01
42,Willie Upshaw*,27,TOR,AL,2.6,152,635,569,79,158,31,9,19,84,10,4,55,86,0.278,0.345,0.464,0.809,119,0.361,114,264,8,5,3,3,14,*3/DH,MVP-16,upshawi01
43,Mike Schmidt,34,PHI,NL,7,151,632,528,93,146,23,3,36,106,5,7,92,116,0.277,0.383,0.536,0.919,155,0.41,157,283,15,4,0,8,14,*5/H36,ASMVP-7GGSS,schmimi01
44,Buddy Bell,32,TEX,AL,6.1,148,630,553,88,174,36,5,11,83,2,1,63,54,0.315,0.382,0.458,0.84,129,0.378,128,253,21,3,2,9,8,*5/H,ASMVP-22GGSS,bellbu01
45,Harold Baines*,25,CHW,AL,4.3,147,629,569,72,173,28,10,29,94,1,2,54,75,0.304,0.361,0.541,0.903,142,0.397,140,308,12,0,1,5,9,*9/8H,MVP-13,baineha01
46,Lance Parrish,28,DET,AL,2.8,147,629,578,75,137,16,2,33,98,2,3,41,120,0.237,0.287,0.443,0.73,100,0.331,99,256,12,2,2,6,6,*2D/H,ASMVP-16GGSS,parrila02
47,Rafael Ramírez,26,ATL,NL,0.8,145,629,591,51,157,22,4,2,48,14,17,26,70,0.266,0.295,0.327,0.621,70,0.291,67,193,9,1,5,6,1,*6/H,AS,ramirra01
48,Lou Whitaker*,27,DET,AL,4.4,143,629,558,90,161,25,1,13,56,6,5,62,63,0.289,0.357,0.407,0.764,113,0.36,120,227,9,0,4,5,5,*4/H,ASGGSS,whitalo01
49,Tom Brunansky,23,MIN,AL,2.8,155,628,567,75,144,21,0,32,85,4,5,57,94,0.254,0.32,0.46,0.78,110,0.354,111,261,15,0,0,4,2,*9/HD,,brunato01
50,Brian Downing,33,CAL,AL,3.1,156,628,539,65,148,28,2,23,91,0,4,70,66,0.275,0.36,0.462,0.822,127,0.371,129,249,18,7,3,9,3,*7D/H,MVP-18,downibr01
51,Bill Doran#,26,HOU,NL,4,147,626,548,92,143,18,11,4,41,21,12,66,69,0.261,0.341,0.356,0.697,104,0.33,106,195,6,2,7,3,7,*46/H,,doranbi02
52,Alan Trammell,26,DET,AL,6.8,139,626,555,85,174,34,5,14,69,19,13,60,63,0.314,0.382,0.468,0.851,136,0.385,139,260,8,3,6,2,2,*6D/H,ASMVP-9GG,trammal01
53,Dave Winfield,32,NYY,AL,5.3,141,626,567,106,193,34,4,19,100,6,4,53,71,0.34,0.393,0.515,0.908,154,0.411,159,292,14,0,0,6,9,*98/7H,ASMVP-8GGSS,winfida01
54,Mickey Hatcher,29,MIN,AL,3.2,152,624,576,61,174,35,5,5,69,0,1,37,34,0.302,0.342,0.406,0.748,104,0.344,103,234,17,2,1,8,3,7D3/H5,,hatchmi01
55,Von Hayes*,25,PHI,NL,4.1,152,622,561,85,164,27,6,16,67,48,13,59,84,0.292,0.359,0.447,0.806,124,0.389,131,251,10,0,0,2,4,*897H,,hayesvo01
56,Tom Herr#,28,STL,NL,2.1,145,622,558,67,154,23,2,4,49,13,7,49,56,0.276,0.335,0.346,0.681,94,0.322,93,193,11,2,10,3,2,*4/H,,herrto01
57,Steve Sax,24,LAD,NL,1.2,145,622,569,70,138,24,4,1,35,34,19,47,53,0.243,0.3,0.304,0.604,72,0.304,81,173,12,1,2,3,3,*4/H,,saxst01
58,Mookie Wilson#,28,NYM,NL,3.8,154,619,587,88,162,28,10,10,54,46,9,26,90,0.276,0.308,0.409,0.717,101,0.355,107,240,5,2,2,2,2,*8H,,wilsomo01
59,Hubie Brooks,27,NYM,NL,2.7,153,613,561,61,159,23,2,16,73,6,5,48,79,0.283,0.341,0.417,0.758,114,0.355,118,234,17,2,0,2,15,*56,,brookhu01
60,Dave Kingman,35,OAK,AL,2.5,147,613,549,68,147,23,1,35,118,2,1,44,119,0.268,0.321,0.505,0.826,133,0.362,128,277,7,6,0,14,8,*D/3,MVP-13,kingmda01
61,Doug DeCinces,33,CAL,AL,3.3,146,612,547,77,147,23,3,20,82,4,1,53,79,0.269,0.327,0.431,0.758,110,0.353,113,236,16,0,0,12,4,*5/DH,,decindo01
62,Bob Dernier,27,CHC,NL,3.1,143,612,536,94,149,26,5,3,32,45,17,63,60,0.278,0.356,0.362,0.718,97,0.355,104,194,5,2,11,0,0,*8/H7,MVP-17GG,dernibo01
63,Kirk Gibson*,27,DET,AL,5.1,149,611,531,92,150,23,10,27,91,29,9,63,103,0.282,0.363,0.516,0.879,142,0.398,143,274,4,8,3,6,6,*9H/D8,MVP-6,gibsoki01
64,Gary Matthews,33,CHC,NL,3.2,147,608,491,101,143,21,2,14,82,17,8,103,97,0.291,0.41,0.428,0.838,129,0.402,141,210,10,3,1,10,2,*7/H,MVP-5,matthga01
65,Willie McGee#,25,STL,NL,4.2,145,604,571,82,166,19,11,6,50,43,10,29,80,0.291,0.325,0.394,0.719,103,0.348,104,225,12,1,0,3,2,*8/H,,mcgeewi01
66,Johnny Ray#,27,PIT,NL,4.6,155,603,555,75,173,38,6,6,67,11,6,37,31,0.312,0.354,0.434,0.789,121,0.363,121,241,16,3,2,6,2,*4H,,rayjo01
67,Darryl Strawberry*,22,NYM,NL,2.8,147,602,522,75,131,27,4,26,97,27,8,75,131,0.251,0.343,0.467,0.81,127,0.367,122,244,8,0,1,4,15,*98/H,AS,strawda01
68,Ron Oester#,28,CIN,NL,-0.7,150,601,553,54,134,26,3,3,38,7,2,41,97,0.242,0.295,0.316,0.612,70,0.294,65,175,16,1,5,1,7,*4/H6,,oestero01
69,Dave Concepción,36,CIN,NL,-1.2,154,600,531,46,130,26,1,4,58,22,6,52,72,0.245,0.307,0.32,0.628,74,0.305,71,170,9,0,8,9,5,65H/3,,conceda01
70,Fred Lynn*,32,CAL,AL,3.8,142,600,517,84,140,28,4,23,79,2,2,77,97,0.271,0.366,0.474,0.84,132,0.38,134,245,14,2,2,2,8,*98/H,,lynnfr01
71,Rickey Henderson,25,OAK,AL,6,142,597,502,113,147,27,4,16,58,66,18,86,81,0.293,0.399,0.458,0.857,146,0.408,151,230,7,5,1,3,1,*7/8H,AS,henderi01
72,George Foster,35,NYM,NL,2.3,146,595,553,67,149,22,1,24,86,2,2,30,122,0.269,0.311,0.443,0.754,111,0.342,108,245,14,6,0,6,9,*7/H,,fostege01
73,Pedro Guerrero,28,LAD,NL,2.2,144,594,535,85,162,29,4,16,72,9,8,49,105,0.303,0.358,0.462,0.819,131,0.373,133,247,7,1,1,8,7,5983/H7,,guerrpe01
74,Tony Peña,27,PIT,NL,5.9,147,592,546,77,156,27,2,15,78,12,8,36,79,0.286,0.333,0.425,0.758,113,0.361,121,232,14,4,4,2,5,*2/H,ASGG,penato01
75,Spike Owen#,23,SEA,AL,2.4,152,591,530,67,130,18,8,3,43,16,8,46,63,0.245,0.308,0.326,0.635,78,0.304,79,173,5,3,9,2,0,*6/H,,owensp01
76,Lonnie Smith,28,STL,NL,1.6,145,590,504,77,126,20,4,6,49,50,13,70,90,0.25,0.349,0.341,0.691,97,0.352,107,172,7,9,3,4,0,*7/H,,smithlo01
77,Willie Wilson#,28,KCR,AL,4.3,128,588,541,81,163,24,9,2,44,47,5,39,56,0.301,0.35,0.39,0.74,105,0.36,106,211,7,3,2,3,2,*8,MVP-10,wilsowi02
78,Jerry Mumphrey#,31,HOU,NL,2.7,151,586,524,66,152,20,3,9,83,15,7,56,79,0.29,0.355,0.391,0.746,118,0.343,115,205,12,0,0,6,7,*8H,AS,mumphje01
79,Reggie Jackson*,38,CAL,AL,-0.2,143,584,525,67,117,17,2,25,81,8,4,55,141,0.223,0.3,0.406,0.706,95,0.317,88,213,10,3,1,0,7,*D/H9,AS,jacksre01
80,Andre Dawson,29,MON,NL,2.9,138,583,533,73,132,23,6,17,86,13,5,41,80,0.248,0.301,0.409,0.71,102,0.332,101,218,12,2,1,6,2,*9/H,GG,dawsoan01
81,Kirby Puckett,24,MIN,AL,3.3,128,583,557,63,165,12,5,0,31,14,7,16,69,0.296,0.32,0.336,0.655,79,0.307,75,187,11,4,4,2,1,*8,ROY-3,puckeki01
82,Pete O'Brien*,26,TEX,AL,3.1,142,581,520,57,149,26,2,18,80,3,5,53,50,0.287,0.348,0.448,0.796,117,0.359,116,233,11,0,1,7,8,*3/H9,,o'bripe03
83,Ron Cey,36,CHC,NL,1.5,146,580,505,71,121,27,0,25,97,3,2,61,108,0.24,0.324,0.442,0.766,107,0.353,106,223,10,6,0,8,10,*5/H,MVP-17,ceyro01
84,Jody Davis,27,CHC,NL,2.1,150,579,523,55,134,25,2,19,94,5,6,47,99,0.256,0.315,0.421,0.736,99,0.324,87,220,20,1,1,7,15,*2/H,ASMVP-10,davisjo02
85,Chet Lemon,29,DET,AL,6.2,141,574,509,77,146,34,6,20,76,5,5,51,83,0.287,0.357,0.495,0.852,135,0.38,135,252,16,7,2,4,9,*8/HD,AS,lemonch01
86,Kevin McReynolds,24,SDP,NL,5.4,147,571,525,68,146,26,6,20,75,3,6,34,69,0.278,0.317,0.465,0.782,118,0.359,121,244,14,0,3,9,8,*8/H,MVP-17,mcreyke01
87,Craig Reynolds*,31,HOU,NL,3.1,146,571,527,61,137,15,11,6,60,7,1,22,53,0.26,0.286,0.364,0.651,89,0.306,86,192,4,0,16,6,2,*6/H5,,reynocr01
88,Terry Kennedy*,28,SDP,NL,0.7,148,570,530,54,127,16,1,14,57,1,2,33,99,0.24,0.284,0.353,0.637,79,0.302,77,187,16,2,0,5,8,*2/H,,kennete02
89,Carmelo Martínez,23,SDP,NL,4.1,149,570,488,64,122,28,2,13,66,1,3,68,82,0.25,0.34,0.395,0.736,107,0.347,111,193,7,4,0,10,4,*7/H3,ROY-6,martica01
90,Bob Brenly,30,SFG,NL,3.7,145,567,506,74,147,28,0,20,80,6,9,48,52,0.291,0.352,0.464,0.816,131,0.373,135,235,14,3,4,6,3,*23/H97,ASMVP-21,brenlbo01
91,Jeffrey Leonard,28,SFG,NL,3.4,136,566,514,76,155,27,2,21,86,17,7,47,123,0.302,0.357,0.484,0.841,138,0.396,147,249,13,0,0,5,3,*78/H9,MVP-21,leonaje01
92,Al Cowens,32,SEA,AL,0.4,139,559,524,60,145,34,2,15,78,9,5,27,83,0.277,0.312,0.435,0.747,107,0.343,108,228,18,2,1,5,2,*9/HD8,,cowenal01
93,Don Baylor,35,NYY,AL,3,134,558,493,84,129,29,1,27,89,1,1,38,68,0.262,0.341,0.489,0.83,131,0.38,137,241,10,23,1,3,6,*DH/97,,baylodo01
94,Darryl Motley,24,KCR,AL,2.7,146,557,522,64,148,25,6,15,70,10,12,28,73,0.284,0.319,0.441,0.76,109,0.345,111,230,23,1,2,4,2,*79H/8,,motleda01
95,Leon Durham*,26,CHC,NL,3.7,137,548,473,86,132,30,4,23,96,16,8,69,86,0.279,0.369,0.505,0.874,136,0.394,136,239,8,1,0,5,11,*3H,MVP-12,durhale01
96,Chili Davis#,24,SFG,NL,5.2,137,546,499,87,157,21,6,21,81,12,8,42,74,0.315,0.368,0.507,0.875,148,0.409,159,253,13,1,2,2,6,*89H/7,AS,davisch01
97,Mike Marshall,24,LAD,NL,1.4,134,541,495,68,127,27,0,21,65,4,3,40,93,0.257,0.315,0.438,0.753,112,0.348,113,217,12,3,1,2,6,*73/H9,AS,marshmi02
98,Keith Moreland,30,CHC,NL,0.5,140,539,495,59,138,17,3,16,80,1,4,34,71,0.279,0.326,0.422,0.748,103,0.346,103,209,16,3,2,5,5,93H/527,,morelke01
99,Garry Templeton#,28,SDP,NL,0.7,148,535,493,40,127,19,3,2,35,8,3,39,81,0.258,0.312,0.32,0.633,79,0.285,62,158,10,1,0,2,23,*6/H,SS,templga01
100,Rudy Law*,27,CHW,AL,0.1,136,534,487,68,122,14,7,6,37,29,17,39,42,0.251,0.309,0.345,0.654,78,0.309,78,168,9,3,4,1,6,*8H7/D,,lawru01
101,Bruce Bochte*,33,OAK,AL,0.3,148,533,469,58,124,23,0,5,52,2,5,52,59,0.264,0.333,0.345,0.678,96,0.319,99,162,12,0,4,8,3,*3H/D,,bochtbr01
102,Vance Law,27,CHW,AL,0.4,151,533,481,60,121,18,2,17,59,4,1,41,75,0.252,0.309,0.403,0.713,92,0.322,85,194,13,1,6,4,2,*54/8H6,,lawva01
103,Pat Sheridan*,26,KCR,AL,1.8,138,532,481,64,136,24,4,8,53,19,6,41,91,0.283,0.338,0.399,0.738,104,0.342,102,192,6,1,5,3,3,*98H,,sheripa01
104,Ted Simmons#,34,MIL,AL,-2.6,132,532,497,44,110,23,2,4,52,3,0,30,40,0.221,0.269,0.3,0.569,61,0.27,56,149,23,3,1,1,3,D35/H,,simmote01
105,Billy Sample,29,TEX,AL,-0.9,130,528,489,67,121,20,2,5,33,18,6,29,46,0.247,0.286,0.327,0.613,68,0.292,64,160,9,0,4,6,1,*78H/9D,,samplbi01
106,Pat Tabler,26,CLE,AL,1.6,144,528,473,66,137,21,3,10,68,3,1,47,62,0.29,0.354,0.41,0.764,110,0.351,109,194,16,3,0,5,2,375H/4D,,tablepa01
107,Marty Barrett,26,BOS,AL,2.8,139,526,475,56,144,23,3,3,45,5,3,42,25,0.303,0.358,0.383,0.741,102,0.342,100,182,9,1,4,4,2,*4/H,,barrema02
108,Ron Kittle,26,CHW,AL,0.6,139,525,466,67,100,15,0,32,74,3,6,49,137,0.215,0.295,0.453,0.748,100,0.342,103,211,7,6,0,4,5,*7H/D,,kittlro01
109,Joel Youngblood,32,SFG,NL,-0.2,134,524,469,50,119,17,1,10,51,5,6,48,86,0.254,0.328,0.358,0.686,96,0.34,110,168,8,4,3,0,1,*5/9H47,,youngjo02
110,Curt Wilkerson#,23,TEX,AL,-0.9,153,522,484,47,120,12,0,1,26,12,10,22,72,0.248,0.282,0.279,0.561,55,0.271,53,135,7,2,12,2,0,*64/H,,wilkecu01
111,Scott Fletcher,25,CHW,AL,3.4,149,521,456,46,114,13,3,3,35,10,4,46,46,0.25,0.328,0.311,0.64,75,0.32,83,142,5,8,9,2,2,*64/5H,,fletcsc01
112,Lee Lacy,36,PIT,NL,3.1,138,520,474,66,152,26,3,12,70,21,11,32,61,0.321,0.362,0.464,0.826,132,0.381,135,220,10,0,12,2,2,*97H/4,,lacyle01
113,Terry Puhl*,27,HOU,NL,3,132,519,449,66,135,19,7,9,55,13,8,59,45,0.301,0.38,0.434,0.814,137,0.375,141,195,5,1,6,4,12,*9/7H,,puhlte01
114,Bill Buckner*,34,2TM,2LG,-0.9,135,518,482,54,131,21,2,11,69,2,2,25,39,0.272,0.313,0.392,0.705,91,0.316,82,189,12,6,0,4,6,*3H/7,,bucknbi01
115,Frank White,33,KCR,AL,4.1,129,515,479,58,130,22,5,17,56,5,5,27,72,0.271,0.311,0.445,0.756,107,0.34,105,213,11,2,4,3,3,*4/H,,whitefr01
116,Ozzie Virgil,27,PHI,NL,2.6,141,512,456,61,119,21,2,18,68,1,1,45,91,0.261,0.331,0.434,0.765,112,0.348,109,198,19,5,1,5,5,*2/H,,virgioz02
117,Butch Wynegar#,28,NYY,AL,2.8,129,512,442,48,118,13,1,6,45,1,4,65,35,0.267,0.36,0.342,0.702,100,0.334,106,151,18,0,4,1,6,*2/H,,wynegbu01
118,Ben Oglivie*,35,MIL,AL,0,131,509,461,49,121,16,2,12,60,0,6,44,56,0.262,0.327,0.384,0.711,100,0.325,101,177,12,1,1,2,5,*79H/D,,oglivbe01
119,Mike Heath,29,OAK,AL,2,140,508,475,49,118,21,5,13,64,7,4,26,72,0.248,0.287,0.396,0.682,94,0.313,93,188,14,1,2,4,2,297H/5D,,heathmi02
120,Tony Phillips#,25,OAK,AL,1.9,154,505,451,62,120,24,3,4,37,10,6,42,86,0.266,0.325,0.359,0.685,97,0.317,96,162,5,0,7,5,1,46H/7,,phillto02
121,Dale Berra,27,PIT,NL,0.1,136,500,450,31,100,16,0,9,52,1,3,34,78,0.222,0.273,0.318,0.591,66,0.271,55,143,11,1,6,9,8,*6/5H,,berrada01
122,Wally Backman#,24,NYM,NL,1.2,128,499,436,68,122,19,2,1,26,32,9,56,63,0.28,0.36,0.339,0.7,99,0.34,99,148,13,0,5,2,2,*4H/6,,backmwa01
123,Tony Bernazard#,27,CLE,AL,-1.2,140,497,439,44,97,15,4,2,38,20,13,43,70,0.221,0.29,0.287,0.577,60,0.274,56,126,10,2,7,6,0,*4/HD,,bernato01
124,Johnnie LeMaster,30,SFG,NL,-1.2,132,493,451,46,98,13,2,4,32,17,5,31,97,0.217,0.265,0.282,0.547,56,0.269,52,127,6,0,7,4,5,*6/H,,lemasjo01
125,Darrell Porter*,32,STL,NL,1.6,127,493,422,56,98,16,3,11,68,5,3,60,79,0.232,0.331,0.363,0.693,97,0.321,93,153,10,5,0,6,12,*2H,,porteda02
126,Dave Collins#,31,TOR,AL,3.1,128,492,441,59,136,24,15,2,44,60,14,33,41,0.308,0.366,0.444,0.811,120,0.39,123,196,0,9,6,3,0,7H/3D8,,collida02
127,Steve Balboni,27,KCR,AL,2.2,126,488,438,58,107,23,2,28,77,0,0,45,139,0.244,0.32,0.498,0.817,123,0.359,117,218,9,4,0,1,5,*3/DH,MVP-19,balbost01
128,Bob Boone,36,CAL,AL,-0.9,139,486,450,33,91,16,1,3,32,3,3,25,45,0.202,0.242,0.262,0.504,41,0.238,32,118,11,0,6,5,1,*2/H,,boonebo01
129,Rich Gedman*,24,BOS,AL,3.3,133,486,449,54,121,26,4,24,72,0,0,29,72,0.269,0.312,0.506,0.818,118,0.354,108,227,5,1,2,5,8,*2H,,gedmari01
130,Iván de Jesús,31,PHI,NL,0.6,144,484,435,40,112,15,3,0,35,12,5,43,76,0.257,0.325,0.306,0.631,77,0.309,78,133,13,2,1,3,7,*6/H,,dejesiv01
131,Ozzie Smith#,29,STL,NL,5,124,484,412,53,106,20,5,1,44,35,7,56,17,0.257,0.347,0.337,0.684,95,0.348,103,139,8,2,11,3,5,*6,ASGG,smithoz01
132,Darrell Evans*,37,DET,AL,1.3,131,483,401,60,93,11,1,16,63,2,2,77,70,0.232,0.353,0.384,0.737,106,0.341,106,154,7,0,1,4,10,D3H5,,evansda01
133,Brook Jacoby,24,CLE,AL,-0.5,126,483,439,64,116,19,3,7,40,3,2,32,73,0.264,0.314,0.369,0.683,87,0.321,88,162,13,3,2,7,0,*5/6,,jacobbr01
134,Greg Walker*,24,CHW,AL,2.1,136,482,442,62,130,29,2,24,75,8,5,35,66,0.294,0.346,0.532,0.878,135,0.385,131,235,9,2,0,3,3,3DH,,walkegr01
135,Jackie Gutiérrez,24,BOS,AL,-2.2,151,480,449,55,118,12,3,2,29,12,5,15,49,0.263,0.284,0.316,0.6,63,0.29,61,142,18,0,12,4,0,*6/H,,gutieja01
136,George Hendrick,34,STL,NL,1.1,120,480,441,57,122,28,1,9,69,0,2,32,75,0.277,0.324,0.406,0.729,106,0.335,104,179,13,1,0,5,2,*9/H3,,hendrge01
137,Claudell Washington*,29,ATL,NL,2.6,120,479,416,62,119,21,2,17,61,21,9,59,77,0.286,0.374,0.469,0.842,130,0.396,138,195,11,1,0,3,8,9H,AS,washicl01
138,David Green,23,STL,NL,1,126,478,452,49,121,14,4,15,65,17,9,20,105,0.268,0.297,0.416,0.713,101,0.325,95,188,8,1,0,5,4,*3/9H8,,greenda03
139,Ken Landreaux*,29,LAD,NL,-1.3,134,477,438,39,110,11,5,11,47,10,9,29,35,0.251,0.295,0.374,0.67,89,0.311,88,164,7,1,3,6,3,*89H/7,,landrke01
140,Greg Luzinski,33,CHW,AL,-0.3,125,477,412,47,98,13,0,13,58,5,1,56,80,0.238,0.329,0.364,0.693,89,0.326,88,150,11,3,0,6,3,*DH,,luzingr01
141,George Vukovich*,28,CLE,AL,4.1,134,474,437,38,133,22,5,9,60,1,4,34,61,0.304,0.354,0.439,0.794,117,0.363,120,192,10,1,0,2,3,*97H,,vukovge01
142,Mike Young#,24,BAL,AL,2,123,470,401,59,101,17,2,17,52,6,2,58,110,0.252,0.355,0.431,0.786,120,0.361,120,173,5,7,2,2,2,*97H/D8,ROY-5,youngmi01
143,Julio Cruz#,29,CHW,AL,2.6,143,469,415,42,92,14,4,5,43,14,6,45,58,0.222,0.295,0.311,0.605,65,0.294,65,129,9,0,4,5,0,*4/H,,cruzju01
144,Gary Pettis#,26,CAL,AL,2,140,466,397,63,90,11,6,2,29,48,17,60,115,0.227,0.332,0.3,0.632,78,0.317,82,119,4,3,5,1,1,*8H/D,,pettiga01
145,Graig Nettles*,39,SDP,NL,2.3,124,465,395,56,90,11,1,20,65,0,0,58,55,0.228,0.329,0.413,0.742,108,0.354,114,163,12,5,0,7,4,*5H,,nettlgr01
146,Enos Cabell,34,HOU,NL,1.3,127,464,436,52,135,17,3,8,44,8,11,21,47,0.31,0.341,0.417,0.758,120,0.344,122,182,12,1,3,3,5,*3H,,cabelen01
147,Bob Kearney,27,SEA,AL,0.2,133,464,431,39,97,24,1,7,43,7,5,18,72,0.225,0.257,0.334,0.591,64,0.277,61,144,7,2,9,4,0,*2/H,,kearnbo01
148,Mel Hall*,23,2TM,2LG,1.2,131,463,407,68,108,24,4,11,52,3,2,47,78,0.265,0.339,0.425,0.764,108,0.351,108,173,5,2,0,7,8,*79H/D8,,hallme01
149,Glenn Hubbard,26,ATL,NL,2.8,120,461,397,53,93,27,2,9,43,4,1,55,61,0.234,0.331,0.38,0.712,95,0.341,97,151,8,4,2,3,6,*4/H,,hubbagl01
150,Al Oliver*,37,2TM,NL,-0.9,119,460,432,36,130,26,2,0,48,3,4,27,36,0.301,0.343,0.37,0.714,103,0.336,106,160,23,1,0,0,6,3H/7,,oliveal01
151,Chris Chambliss*,35,ATL,NL,-0.1,135,455,389,47,100,14,0,9,44,1,2,58,54,0.257,0.35,0.362,0.713,96,0.332,93,141,10,1,0,6,12,*3H,,chambch01
152,Gary Redus,27,CIN,NL,0.9,123,455,394,69,100,21,3,7,22,48,11,52,71,0.254,0.338,0.376,0.714,98,0.349,95,148,4,1,3,5,3,*78H/9,,redusga01
153,Dick Schofield,21,CAL,AL,-0.1,140,452,400,39,77,10,3,4,21,5,2,33,79,0.193,0.264,0.263,0.527,48,0.271,54,105,7,6,13,0,0,*6/H,,schofdi02
154,Don Slaught,25,KCR,AL,1.3,124,447,409,48,108,27,4,4,42,0,0,20,55,0.264,0.297,0.379,0.676,86,0.301,75,155,8,2,8,7,4,*2/HD,,slaugdo01
155,Dan Driessen*,32,2TM,NL,2.4,132,447,387,47,104,24,0,16,60,2,2,54,40,0.269,0.354,0.455,0.809,126,0.374,129,176,10,0,1,5,8,*3H,,driesda01
156,Larry Herndon,30,DET,AL,0.9,125,446,407,52,114,18,5,7,43,6,2,32,63,0.28,0.333,0.4,0.734,104,0.343,105,163,8,2,1,3,1,*7H/D,,herndla01
157,Alfredo Griffin#,26,TOR,AL,-1.5,140,442,419,53,101,8,2,4,30,11,3,4,33,0.241,0.248,0.298,0.546,48,0.258,37,125,5,1,13,4,0,*64/HD,AS,griffal01
158,Joe Morgan*,40,OAK,AL,1.6,116,438,365,50,89,21,0,6,43,8,3,66,39,0.244,0.356,0.351,0.707,104,0.341,112,128,6,1,0,6,4,4H/D,,morgajo02
159,Jorge Orta*,33,KCR,AL,1.7,122,438,403,50,120,23,7,9,50,0,1,28,39,0.298,0.343,0.457,0.8,120,0.357,116,184,6,2,1,4,8,DH79/4,,ortajo01
160,Manny Trillo,33,SFG,NL,0.7,98,437,401,45,102,21,1,4,36,0,0,25,55,0.254,0.3,0.342,0.642,83,0.31,85,137,8,3,4,4,0,4/5H,,trillma01
161,Ken Griffey*,34,NYY,AL,0.5,120,436,399,44,109,20,1,7,56,2,2,29,32,0.273,0.321,0.381,0.702,98,0.32,94,152,7,1,3,4,2,783H/9D,,griffke01
162,Bill Madlock,33,PIT,NL,-0.6,103,435,403,38,102,16,0,4,44,3,1,26,29,0.253,0.297,0.323,0.62,75,0.299,73,130,11,1,1,4,5,5/H3,,madlobi01
163,Dave Anderson,23,LAD,NL,2.1,121,433,374,51,94,16,2,3,34,15,5,45,55,0.251,0.331,0.329,0.66,88,0.319,88,123,8,2,7,5,4,*6H5,,anderda02
164,Bobby Grich,35,CAL,AL,1.8,116,432,363,60,93,15,1,18,58,2,5,57,70,0.256,0.357,0.452,0.809,124,0.366,126,164,11,2,6,4,3,435/H,,grichbo01
165,Dion James*,21,MIL,AL,1.5,128,431,387,52,114,19,5,1,30,10,10,32,41,0.295,0.351,0.377,0.728,106,0.339,111,146,7,3,6,3,1,*98H/7,,jamesdi01
166,Phil Garner,35,HOU,NL,3.3,128,430,374,60,104,17,6,4,45,3,2,43,63,0.278,0.355,0.388,0.743,117,0.346,118,145,9,4,5,4,2,54H,,garneph01
167,Andy Van Slyke*,23,STL,NL,1.7,137,430,361,45,88,16,4,7,50,28,5,63,71,0.244,0.354,0.368,0.723,106,0.354,108,133,5,0,0,2,9,9753H8,,vanslan01
168,Rich Dauer,31,BAL,AL,0.9,127,426,397,29,101,26,0,2,24,1,3,24,23,0.254,0.296,0.335,0.631,77,0.295,76,133,15,0,3,2,1,*4/5H,,dauerri01
169,Dave Engle,27,MIN,AL,0.8,109,424,391,56,104,20,1,4,38,0,1,26,22,0.266,0.308,0.353,0.661,80,0.316,83,138,18,0,2,5,3,2D/H,AS,engleda01
170,Larry Bowa#,38,CHC,NL,-1,133,423,391,33,87,14,2,0,17,10,4,28,24,0.223,0.274,0.269,0.542,49,0.257,34,105,4,0,3,1,5,*6/H,,bowala01
171,Mike Davis*,25,OAK,AL,0.8,134,423,382,47,88,18,3,9,46,14,9,31,66,0.23,0.285,0.364,0.649,85,0.306,89,139,5,1,2,7,2,*98H/D7,,davismi02
172,George Brett*,31,KCR,AL,2.8,104,422,377,42,107,21,3,13,69,0,2,38,37,0.284,0.344,0.459,0.802,121,0.354,115,173,11,0,0,7,6,5/H,AS,brettge01
173,Pete Rose#,43,2TM,NL,1,121,421,374,43,107,15,2,0,34,1,1,40,27,0.286,0.359,0.337,0.696,99,0.339,106,126,11,3,3,1,4,3H7,,rosepe01
174,Gerald Perry*,23,ATL,NL,-0.5,122,419,347,52,92,12,2,7,47,15,12,61,38,0.265,0.372,0.372,0.743,104,0.341,102,129,9,2,2,7,5,37H,,perryge01
175,Bob Meacham#,23,NYY,AL,0.7,99,418,360,62,91,13,4,2,25,9,5,32,70,0.253,0.312,0.328,0.64,81,0.305,82,118,2,3,14,9,0,6/4H,,meachbo01
176,Cliff Johnson,36,TOR,AL,2.9,127,415,359,51,109,23,1,16,61,0,1,50,62,0.304,0.39,0.507,0.897,143,0.418,156,182,9,3,0,3,4,*DH/3,,johnscl01
177,John Shelby#,26,BAL,AL,0,128,415,383,44,80,12,5,6,30,12,4,20,71,0.209,0.248,0.313,0.561,57,0.276,58,120,4,0,12,0,0,*8H/9,,shelbjo01
178,Wayne Gross*,32,BAL,AL,2.7,127,414,342,53,74,9,1,22,64,1,2,68,69,0.216,0.346,0.442,0.788,120,0.354,118,151,6,1,1,2,4,*5H/3D,,grosswa01
179,César Cedeño,33,CIN,NL,1.3,110,412,380,59,105,24,2,10,47,19,3,25,54,0.276,0.321,0.429,0.75,106,0.367,114,163,11,1,4,2,4,739H8,,cedence01
180,Mike Hargrove*,34,CLE,AL,1.1,133,410,352,44,94,14,2,2,44,0,2,53,38,0.267,0.361,0.335,0.696,93,0.331,97,118,12,0,3,2,3,*3H,,hargrmi01
181,George Wright#,25,TEX,AL,-1.3,101,405,383,40,93,19,4,9,48,0,2,15,54,0.243,0.273,0.384,0.657,78,0.302,75,147,6,2,1,3,2,89D/H,,wrighge03
182,Ken Singleton#,37,BAL,AL,-1.8,111,404,363,28,78,7,1,6,36,0,0,37,60,0.215,0.286,0.289,0.575,62,0.279,62,105,20,0,1,2,5,DH,,singlke01
183,Mark Bailey#,22,HOU,NL,1,108,403,344,38,73,16,1,9,34,0,1,53,71,0.212,0.318,0.343,0.661,93,0.318,98,118,7,2,1,3,4,2,,bailema01
184,Howard Johnson#,23,DET,AL,1,116,402,355,43,88,14,1,12,50,10,6,40,67,0.248,0.324,0.394,0.718,99,0.327,96,140,6,1,4,2,1,*5H/6D378,,johnsho01
185,Mike Scioscia*,25,LAD,NL,3.7,114,399,341,29,93,18,0,5,38,2,1,52,26,0.273,0.367,0.37,0.736,110,0.352,115,126,10,1,1,4,10,*2H,,sciosmi01
186,Ray Knight,31,2TM,NL,-1.1,115,398,371,28,88,14,0,3,35,0,3,21,43,0.237,0.279,0.299,0.578,68,0.27,63,111,5,2,0,4,2,53H,,knighra01
187,Eddie Milner*,29,CIN,NL,2.4,117,397,336,44,78,8,4,7,29,21,13,51,50,0.232,0.333,0.342,0.676,88,0.322,89,115,2,2,4,4,3,8H,,milneed01
188,Tom Paciorek,37,CHW,AL,-0.9,111,397,363,35,93,21,2,4,29,6,0,25,69,0.256,0.308,0.358,0.666,81,0.32,81,130,5,4,1,4,4,37H9,,pacioto01
189,Ed Romero,26,MIL,AL,-0.2,116,397,357,36,90,12,0,1,31,3,3,29,25,0.252,0.307,0.294,0.601,71,0.281,67,105,12,1,6,4,2,564/H3D9,,romered01
190,Barry Bonnell,30,SEA,AL,0,110,395,363,42,96,15,4,8,48,5,2,25,51,0.264,0.315,0.394,0.709,97,0.331,98,143,10,2,5,0,3,7985H/D3,,bonneba01
191,Carlton Fisk,36,CHW,AL,1.5,102,395,359,54,83,20,1,21,43,6,0,26,60,0.231,0.289,0.468,0.757,102,0.336,93,168,7,5,1,4,4,2H/D,,fiskca01
192,Jim Sundberg,33,MIL,AL,3.1,110,395,348,43,91,19,4,7,43,1,1,38,63,0.261,0.332,0.399,0.731,106,0.334,103,139,5,0,6,3,2,*2/H,AS,sundbji01
193,Mike Fitzgerald,23,NYM,NL,0.1,112,394,360,20,87,15,1,2,33,1,0,24,71,0.242,0.288,0.306,0.593,68,0.282,61,110,17,1,5,4,7,2/H,,fitzgmi02
194,Gary Roenicke,29,BAL,AL,1.1,121,393,326,36,73,19,1,10,44,1,2,58,43,0.224,0.346,0.38,0.727,104,0.341,108,124,10,4,3,2,1,*79H/8,,roeniga01
195,Roy Smalley#,31,2TM,AL,0.2,114,385,344,32,73,12,1,11,39,3,2,37,65,0.212,0.286,0.349,0.635,76,0.291,69,120,6,0,0,4,3,5H6/D3,,smallro02
196,Dan Gladden,26,SFG,NL,3.2,86,384,342,71,120,17,2,4,31,31,16,33,37,0.351,0.41,0.447,0.857,145,0.396,149,153,3,2,6,1,2,8/H,ROY-4,gladdda01
197,Juan Beníquez,34,CAL,AL,2.1,110,382,354,60,119,17,0,8,39,0,3,18,43,0.336,0.37,0.452,0.822,128,0.373,131,160,12,3,4,3,0,79H/85,MVP-25,beniqju01
198,Nick Esasky,24,CIN,NL,-1,113,382,322,30,62,10,5,10,45,1,2,52,103,0.193,0.301,0.348,0.649,79,0.308,78,112,6,0,3,5,3,53H,,esaskni01
199,Doug Flynn,33,MON,NL,-1.2,124,382,366,23,89,12,1,0,17,0,0,12,41,0.243,0.267,0.281,0.549,58,0.26,49,103,5,0,4,0,6,46/H,,flynndo01
200,Omar Moreno*,31,NYY,AL,-0.1,117,382,355,37,92,12,6,4,38,20,11,18,48,0.259,0.294,0.361,0.654,84,0.307,85,128,3,1,4,4,1,8H/D,,morenom01
201,Rick Dempsey,34,BAL,AL,0.8,109,380,330,37,76,11,0,11,34,1,2,40,58,0.23,0.312,0.364,0.676,89,0.311,87,120,11,1,5,4,0,2/H,,dempsri01
202,Rick Manning*,29,MIL,AL,0.2,119,380,341,53,85,10,5,7,31,5,7,34,32,0.249,0.318,0.37,0.688,94,0.32,97,126,7,1,3,1,1,*8H/D,,manniri01
203,Rance Mulliniks*,28,TOR,AL,2.4,125,379,343,41,111,21,5,3,42,2,3,33,44,0.324,0.383,0.44,0.823,124,0.372,124,151,5,1,0,2,3,*5H/64,,mullira01
204,Rod Carew*,38,CAL,AL,0.9,93,378,329,42,97,8,1,3,31,4,3,40,39,0.295,0.367,0.353,0.72,102,0.337,103,116,8,0,5,4,1,3H/D,AS,carewro01
205,Wayne Tolleson#,28,TEX,AL,-0.7,118,378,338,35,72,9,2,0,9,22,4,27,47,0.213,0.276,0.251,0.528,46,0.276,46,85,12,3,9,1,0,*4/H65D8,,tollewa01
206,Al Bumbry*,37,BAL,AL,0.5,119,374,344,47,93,12,1,3,24,9,5,25,35,0.27,0.317,0.337,0.654,84,0.308,84,116,11,0,2,3,0,8H7D,,bumbral01
207,Dave Henderson,25,SEA,AL,2.1,112,374,350,42,98,23,0,14,43,5,5,19,56,0.28,0.32,0.466,0.786,117,0.359,121,163,4,2,2,1,0,89DH,,hendeda01
208,Phil Bradley,25,SEA,AL,1.4,124,373,322,49,97,12,4,0,24,21,8,34,61,0.301,0.373,0.363,0.737,107,0.354,113,117,6,3,11,0,2,*87H9/D,,bradlph01
209,Steve Henderson,31,SEA,AL,0.6,109,364,325,42,85,12,3,10,35,2,4,38,62,0.262,0.341,0.409,0.75,109,0.341,109,133,6,1,0,0,4,7DH,,hendest01
210,Ernie Whitt*,32,TOR,AL,1.7,124,364,315,35,75,12,1,15,46,0,3,43,49,0.238,0.327,0.425,0.752,104,0.335,99,134,7,1,0,5,7,*2H,,whitter01
211,Glenn Wilson,25,PHI,NL,-0.7,132,363,341,28,82,21,3,6,31,7,1,17,56,0.24,0.276,0.372,0.649,80,0.309,76,127,12,1,1,3,1,*7H9/58,,wilsogl01
212,Ken Oberkfell*,28,2TM,NL,0.9,100,362,324,38,87,19,2,1,21,2,5,31,27,0.269,0.331,0.349,0.68,90,0.313,86,113,7,1,3,3,3,5H/46,,oberkke01
213,Steve Kemp*,29,NYY,AL,0.7,94,361,313,37,91,12,1,7,41,4,1,40,54,0.291,0.369,0.403,0.771,118,0.365,124,126,12,1,3,4,0,7DH,,kempst01
214,Hal McRae,38,KCR,AL,0.4,106,361,317,30,96,13,4,3,42,0,3,34,47,0.303,0.363,0.397,0.76,111,0.345,110,126,10,1,0,9,3,DH,,mcraeha01
215,Jesse Barfield,24,TOR,AL,2.8,110,360,320,51,91,14,1,14,49,8,2,35,81,0.284,0.357,0.466,0.822,123,0.37,119,149,5,2,1,2,5,9H/8D,,barfije01
216,Ken Phelps*,29,SEA,AL,2.2,101,360,290,52,70,9,0,24,51,3,3,61,73,0.241,0.378,0.521,0.898,149,0.392,144,151,1,5,0,4,5,DH/3,,phelpke01
217,Randy Bush*,25,MIN,AL,-0.4,113,356,311,46,69,17,1,11,43,1,2,31,60,0.222,0.292,0.389,0.681,84,0.312,81,121,1,4,0,10,6,DH/3,,bushra01
218,Bárbaro Garbey,27,DET,AL,0.6,110,348,327,45,94,17,1,5,52,6,7,17,35,0.287,0.325,0.391,0.716,99,0.338,107,128,8,2,0,2,2,3H5D/7489,,garbeba01
219,Kevin Bass#,25,HOU,NL,0.2,121,342,331,33,86,17,5,2,29,5,5,6,57,0.26,0.279,0.36,0.639,85,0.301,87,119,2,3,2,0,1,9H8,,basske01
220,Bruce Benedict,28,ATL,NL,-0.1,95,340,300,26,67,8,1,4,25,1,2,34,25,0.223,0.301,0.297,0.598,64,0.283,57,89,9,1,1,4,3,2,,benedbr01
221,Rob Wilfong*,30,CAL,AL,1,108,337,307,31,76,13,2,6,33,3,2,20,53,0.248,0.296,0.362,0.658,82,0.301,77,111,2,2,6,2,0,4H/65D,,wilforo01
222,Brad Komminsk,23,ATL,NL,0.1,90,334,301,37,61,10,0,8,36,18,8,29,77,0.203,0.276,0.316,0.592,62,0.301,68,95,5,2,1,1,0,97H/8,,kommibr01
223,Brad Gulden*,28,CIN,NL,0.4,107,332,292,31,66,8,2,4,33,2,2,33,35,0.226,0.307,0.308,0.615,71,0.299,71,90,7,2,3,2,2,2H,,guldebr01
224,Jim Morrison,31,PIT,NL,2.2,100,331,304,38,87,14,2,11,45,0,1,20,52,0.286,0.328,0.454,0.782,119,0.363,122,138,9,1,2,4,1,54H/63,,morriji01
225,Mickey Rivers*,35,TEX,AL,0.5,102,326,313,40,94,13,1,4,33,5,5,9,23,0.3,0.32,0.387,0.706,93,0.335,100,121,1,0,4,0,1,DH7/89,,rivermi01
226,Randy Johnson,28,ATL,NL,1.9,91,322,294,28,82,13,0,5,30,4,7,21,21,0.279,0.329,0.374,0.703,92,0.326,93,110,2,1,6,0,6,5H,,johnsra04
227,Houston Jiménez,26,MIN,AL,-1.2,108,317,298,28,60,11,1,0,19,0,1,15,34,0.201,0.238,0.245,0.483,32,0.227,20,73,7,0,2,2,0,6/H,,jimenho01
228,Dave Bergman*,31,DET,AL,2.1,120,316,271,42,74,8,5,7,44,3,4,33,40,0.273,0.351,0.417,0.768,113,0.35,114,113,4,3,3,6,2,*3H/79,,bergmda01
229,Greg Brock*,27,LAD,NL,1.7,88,313,271,33,61,6,0,14,34,8,0,39,37,0.225,0.319,0.402,0.722,104,0.346,106,109,6,0,0,3,3,3H,,brockgr01
230,Onix Concepción,26,KCR,AL,2.3,90,311,287,36,81,9,2,1,23,9,6,14,33,0.282,0.319,0.338,0.657,83,0.306,80,97,3,3,4,3,0,6/4H5,,conceon01
231,Bryan Little#,24,MON,NL,0.4,85,309,266,31,65,11,1,0,9,2,3,34,19,0.244,0.332,0.293,0.625,81,0.304,84,78,3,1,8,0,0,4H/6,,littlbr01
232,Len Matuszek*,29,PHI,NL,1.9,101,309,262,40,65,17,1,12,43,4,3,39,54,0.248,0.35,0.458,0.808,124,0.365,122,120,7,4,0,4,4,3H/7,,matusle01
233,Lee Mazzilli#,29,PIT,NL,0.3,111,309,266,37,63,11,1,4,21,8,1,40,42,0.237,0.338,0.331,0.668,89,0.33,93,88,5,1,1,1,2,7H/3,,mazzile01
234,John Lowenstein*,37,BAL,AL,0.4,105,307,270,34,64,13,0,8,28,1,0,33,54,0.237,0.319,0.374,0.693,94,0.327,97,101,5,1,0,3,3,7HD/3,,lowenjo01
235,Doug Frobel*,25,PIT,NL,0,126,306,276,33,56,9,3,12,28,7,5,24,84,0.203,0.271,0.388,0.658,84,0.298,75,107,7,2,3,1,2,*9H,,frobedo01
236,Tom Foley*,24,CIN,NL,1,106,304,277,26,70,8,3,5,27,3,2,24,36,0.253,0.31,0.357,0.668,85,0.303,73,99,2,0,1,2,7,6H4/5,,foleyto02
237,Derrel Thomas#,33,2TM,2LG,-0.1,122,302,272,29,66,12,3,0,22,0,4,23,37,0.243,0.299,0.309,0.607,74,0.285,72,84,8,0,4,3,1,67H49/583,,thomade01
238,Toby Harrah,35,NYY,AL,0.5,88,299,253,40,55,9,4,1,26,3,0,42,28,0.217,0.331,0.296,0.628,79,0.319,90,75,9,2,0,2,2,5H/4D69,,harrato01
239,Bill Russell,35,LAD,NL,0.1,89,298,262,25,70,12,1,0,19,4,4,25,24,0.267,0.329,0.321,0.649,85,0.314,89,84,7,0,9,2,1,68/H4,,russebi01
240,Álex Treviño,26,2TM,NL,1.7,85,295,272,36,66,16,0,3,28,5,2,16,29,0.243,0.286,0.335,0.621,70,0.314,77,91,4,1,5,1,1,2H,,trevial01
241,Sixto Lezcano,30,PHI,NL,2.1,109,294,256,36,71,6,2,14,40,0,1,38,43,0.277,0.371,0.48,0.851,136,0.39,140,123,11,0,0,0,1,9H/7,,lezcasi01
242,Brad Wellman,24,SFG,NL,-0.1,93,293,265,23,60,9,1,2,25,10,5,19,41,0.226,0.274,0.291,0.565,61,0.281,64,77,8,0,3,4,0,46H/5,,wellmbr01
243,Davey Lopes,39,2TM,2LG,1.4,88,290,247,37,63,12,1,9,36,15,0,37,41,0.255,0.351,0.421,0.772,120,0.373,125,104,8,1,2,3,1,94H/8D57,,lopesda01
244,Dusty Baker,35,SFG,NL,1.3,100,288,243,31,71,7,2,3,32,4,1,40,27,0.292,0.387,0.374,0.761,118,0.358,119,91,5,0,0,4,1,H97,,bakerdu01
245,Greg Pryor,34,KCR,AL,0.6,123,288,270,32,71,11,1,4,25,0,3,12,28,0.263,0.301,0.356,0.656,82,0.295,75,96,9,3,2,1,0,54H/36D,,pryorgr01
246,Tim Laudner,26,MIN,AL,1.1,87,284,262,31,54,16,1,10,35,0,0,18,78,0.206,0.258,0.389,0.647,74,0.296,68,102,4,1,1,2,0,2H/D,,laudnti01
247,Dane Iorg*,34,2TM,2LG,-0.5,93,284,263,30,64,18,2,5,33,0,1,15,21,0.243,0.278,0.384,0.662,82,0.304,79,101,9,0,0,6,4,3H7/9D5,,iorgda01
248,Terry Pendleton#,23,STL,NL,2,67,283,262,37,85,16,3,1,33,20,5,16,32,0.324,0.357,0.42,0.777,120,0.36,113,110,7,0,0,5,3,5/H,ROY-7,pendlte01
249,Scot Thompson*,28,SFG,NL,-0.4,120,280,245,30,75,7,1,1,31,5,3,30,26,0.306,0.376,0.355,0.731,110,0.346,112,87,11,0,1,4,5,3H/97,,thompsc01
250,Darrell Brown#,28,MIN,AL,0.5,95,279,260,36,71,9,3,1,19,4,1,14,16,0.273,0.309,0.342,0.651,78,0.306,73,89,5,0,4,1,1,H87D,,brownda01
251,Candy Maldonado,23,LAD,NL,-0.4,116,278,254,25,68,14,0,5,28,0,3,19,29,0.268,0.318,0.382,0.7,98,0.327,101,97,6,1,1,3,0,9H8/75,,maldoca01
252,Jerry Willard*,24,CLE,AL,0.6,87,275,246,21,55,8,1,10,37,1,0,26,55,0.224,0.295,0.386,0.681,86,0.317,84,95,6,0,0,3,0,2H/D,,willaje01
253,Buck Martinez,35,TOR,AL,0.8,102,273,232,24,51,13,1,5,37,0,3,29,49,0.22,0.301,0.349,0.651,77,0.302,76,81,2,2,1,9,0,2H/D,,martibu01
254,Jerry Hairston#,32,CHW,AL,1,115,271,227,41,59,13,2,5,19,2,1,41,29,0.26,0.373,0.401,0.774,111,0.36,113,91,3,1,0,2,3,HD78/9,,hairsje01
255,Floyd Rayford,26,BAL,AL,0.3,86,269,250,24,64,14,0,4,27,0,3,12,51,0.256,0.296,0.36,0.656,84,0.314,92,90,5,3,2,2,0,25/H3,,rayfofl01
256,Denny Walling*,30,HOU,NL,1.8,87,268,249,37,70,11,5,3,31,7,1,16,28,0.281,0.325,0.402,0.726,111,0.349,116,100,4,1,0,2,2,5H3/78,,wallide01
257,Willie Aikens*,29,TOR,AL,-0.8,93,265,234,21,48,7,0,11,26,0,0,29,56,0.205,0.298,0.376,0.674,83,0.313,80,88,6,2,0,0,1,DH/3,,aikenwi01
258,Donnie Scott#,22,TEX,AL,-1,81,263,235,16,52,9,0,3,20,0,1,20,44,0.221,0.28,0.298,0.578,59,0.266,48,70,5,0,6,2,1,2/H,,scottdo01
259,R.J. Reynolds#,25,LAD,NL,-0.3,73,262,240,24,62,12,2,2,24,7,5,14,38,0.258,0.3,0.35,0.65,84,0.294,74,84,6,1,4,2,0,978H,,reynor.01
260,Chris Bando#,28,CLE,AL,2.3,75,260,220,38,64,11,0,12,41,1,2,33,35,0.291,0.377,0.505,0.882,140,0.39,140,111,8,0,3,4,5,2H/35D,,bandoch01
261,Jim Presley,22,SEA,AL,-0.5,70,259,251,27,57,12,1,10,36,1,1,6,63,0.227,0.247,0.402,0.649,78,0.304,80,101,4,1,0,1,1,5/DH,,preslji01
262,Garry Maddox,34,PHI,NL,1.2,77,258,241,29,68,11,0,5,19,3,2,13,29,0.282,0.316,0.39,0.706,97,0.333,98,94,2,0,1,2,1,8H,,maddoga01
263,Joe Carter,24,CLE,AL,0.9,66,257,244,32,67,6,1,13,41,2,4,11,48,0.275,0.307,0.467,0.775,110,0.357,117,114,2,1,0,1,0,78/H3,,cartejo01
264,Garth Iorg,29,TOR,AL,-0.9,121,257,247,24,56,10,3,1,25,1,3,5,16,0.227,0.244,0.304,0.548,49,0.262,47,75,7,1,3,1,0,*5H/46D,,iorgga01
265,Tony Fernández#,22,TOR,AL,1.1,88,254,233,29,63,5,3,3,19,5,7,17,15,0.27,0.317,0.356,0.674,84,0.303,80,83,3,0,2,2,0,6H5/D,,fernato01
266,Germán Rivera,23,LAD,NL,0.6,94,254,227,20,59,12,2,2,17,1,0,21,30,0.26,0.321,0.357,0.678,93,0.32,90,81,15,1,2,3,5,5/H,,riverge01
267,Tom Brookens,30,DET,AL,2,113,253,224,32,55,11,4,5,26,6,6,19,33,0.246,0.306,0.397,0.703,95,0.343,111,89,2,1,8,1,0,564H/D,,brookto01
268,Ned Yost,29,TEX,AL,-2.4,80,251,242,15,44,4,0,6,25,1,2,6,47,0.182,0.201,0.273,0.474,28,0.228,22,66,5,0,2,1,0,2/H,,yostne01
269,Jack Clark,28,SFG,NL,2.5,57,249,203,33,65,9,1,11,44,1,1,43,29,0.32,0.434,0.537,0.971,176,0.445,187,109,9,0,0,3,7,9/3H,,clarkja01
270,Tim Corcoran*,31,PHI,NL,2,102,248,208,30,71,13,1,5,36,0,1,37,27,0.341,0.44,0.486,0.925,159,0.416,160,101,6,1,0,2,5,3H9/7,,corcoti01
271,Jerry Royster,31,ATL,NL,-0.2,81,247,227,22,47,13,2,1,21,6,4,15,41,0.207,0.257,0.295,0.552,51,0.27,48,67,8,1,2,2,1,45H67,,roystje01
272,Franklin Stubbs*,23,LAD,NL,-0.1,87,245,217,22,42,2,3,8,17,2,2,24,63,0.194,0.273,0.341,0.614,74,0.276,60,74,0,0,3,1,3,3H9/78,,stubbfr01
273,Carmelo Castillo,26,CLE,AL,1,87,237,211,36,55,9,2,10,36,1,3,21,32,0.261,0.329,0.464,0.794,116,0.372,128,98,7,2,0,3,0,9H/D,,castica01
274,Ruppert Jones*,29,DET,AL,2.3,79,237,215,26,61,12,1,12,37,2,4,21,47,0.284,0.346,0.516,0.862,137,0.376,134,111,5,0,0,1,0,78H/D,,jonesru01
275,Luis Salazar,28,SDP,NL,0,93,236,228,20,55,7,2,3,17,11,7,6,38,0.241,0.261,0.329,0.59,65,0.267,53,75,5,0,2,0,1,5H8/679,,salazlu01
276,Larry Milbourne#,33,SEA,AL,-0.7,79,235,211,22,56,5,1,1,22,0,2,12,16,0.265,0.304,0.313,0.616,73,0.298,78,66,7,0,11,1,0,5H4/D6,,milbola01
277,Danny Heep*,26,NYM,NL,-0.2,99,233,199,36,46,9,2,1,12,3,1,27,22,0.231,0.319,0.312,0.631,79,0.303,77,62,9,1,1,5,3,H793,,heepda01
278,Duane Walker*,27,CIN,NL,2.2,83,231,195,35,57,10,3,10,28,7,3,33,35,0.292,0.391,0.528,0.92,153,0.422,160,103,1,0,1,2,2,7H8/9,,walkedu01
279,Greg Gross*,31,PHI,NL,1.3,112,229,202,19,65,9,1,0,16,1,0,24,11,0.322,0.393,0.376,0.769,116,0.357,114,76,4,1,0,2,3,H739/8,,grossgr01
280,Jim Wohlford,33,MON,NL,1.3,95,228,213,20,64,13,2,5,29,3,0,14,19,0.3,0.342,0.451,0.793,126,0.369,127,96,1,0,0,1,0,7H9/58,,wohlfji01
281,Bill Schroeder,25,MIL,AL,0.5,61,226,210,29,54,6,0,14,25,0,1,8,54,0.257,0.288,0.486,0.774,114,0.336,106,102,6,2,4,2,2,2/D3H,,schrobi01
282,Bill Almon,31,OAK,AL,-1.2,106,225,211,24,47,11,0,7,16,5,7,10,42,0.223,0.253,0.374,0.628,78,0.278,75,79,3,0,0,4,0,3H79D/5268,,almonbi01
283,Kelvin Chapman,28,NYM,NL,0.7,75,223,197,27,57,13,0,3,23,8,7,19,30,0.289,0.356,0.401,0.757,114,0.345,114,79,7,2,4,1,0,4H/5,,chapmke01
284,Terry Francona*,25,MON,NL,1.3,58,223,214,18,74,19,2,1,18,0,0,5,12,0.346,0.36,0.467,0.828,136,0.371,131,100,4,1,1,2,3,3/7H9,,francte01
285,Steve Yeager,35,LAD,NL,0.2,74,221,197,16,45,4,0,4,29,1,2,20,38,0.228,0.295,0.31,0.605,72,0.289,72,61,2,0,1,3,1,2H,,yeagest01
286,Alan Ashby#,32,HOU,NL,0.5,66,219,191,16,50,7,0,4,27,0,0,20,22,0.262,0.33,0.361,0.691,102,0.315,95,69,4,1,4,3,2,2/H,,ashbyal01
287,Mike Pagliarulo*,24,NYY,AL,0.8,67,219,201,24,48,15,3,7,34,0,0,15,46,0.239,0.288,0.448,0.735,104,0.325,97,90,5,0,0,3,0,5/H,,paglimi01
288,Mark Brouhard,28,MIL,AL,-0.6,66,218,197,20,47,7,0,6,22,0,3,16,36,0.239,0.298,0.365,0.664,86,0.295,80,72,3,2,0,3,3,7/HD9,,brouhma01
289,Ron Gardenhire,26,NYM,NL,0.9,74,218,207,20,51,7,1,1,10,6,1,9,43,0.246,0.276,0.304,0.581,64,0.287,63,63,7,0,1,1,1,64H/5,,gardero01
290,Johnny Grubb*,35,DET,AL,1.2,86,216,176,25,47,5,0,8,17,1,0,36,36,0.267,0.395,0.432,0.827,131,0.38,132,76,1,2,1,1,5,DH7/9,,grubbjo01
291,Pat Putnam*,30,2TM,AL,-1.6,78,212,193,12,34,7,0,2,20,3,0,16,39,0.176,0.236,0.244,0.479,34,0.233,25,47,5,0,0,3,1,DH7/3,,putnapa01
292,José Oquendo#,20,NYM,NL,-0.3,81,211,189,23,42,5,0,0,10,10,1,15,26,0.222,0.284,0.249,0.532,52,0.273,47,47,2,2,3,2,2,6H,,oquenjo01
293,John Wockenfuss,35,PHI,NL,0.8,86,211,180,20,52,3,1,6,24,1,0,30,24,0.289,0.39,0.417,0.807,126,0.396,142,75,4,0,1,0,1,3H2/5,,wockejo01
294,Marc Hill,32,CHW,AL,-0.1,77,209,193,15,45,10,1,5,20,0,1,9,26,0.233,0.275,0.373,0.648,74,0.296,69,72,12,2,5,0,0,2/H3,,hillma01
295,Chris Speier,34,3TM,2LG,0.2,75,209,191,12,34,7,1,3,10,0,0,13,34,0.178,0.234,0.272,0.506,43,0.252,40,52,6,1,4,0,1,6H/5,,speiech01
296,Dann Bilardello,25,CIN,NL,0.3,68,206,182,16,38,7,0,2,10,0,1,19,34,0.209,0.287,0.28,0.567,58,0.274,52,51,6,1,4,0,3,2/H,,bilarda01
297,Ron Washington,32,MIN,AL,1.3,88,206,197,25,58,11,5,3,23,1,1,4,31,0.294,0.307,0.447,0.754,103,0.342,101,88,4,1,1,3,0,6H/4D5,,washiro01
298,Mike Stenhouse*,26,MON,NL,-0.6,80,205,175,14,32,8,0,4,16,0,0,26,32,0.183,0.289,0.297,0.586,69,0.283,66,52,5,1,1,2,4,H793,,stenhmi01
299,Wayne Krenchicki*,29,CIN,NL,1.4,97,204,181,18,54,9,2,6,22,0,1,19,23,0.298,0.358,0.47,0.827,128,0.382,133,85,4,0,0,4,3,5H/34,,krencwa01
300,Charlie Moore,31,MIL,AL,-0.8,70,203,188,13,44,7,1,2,17,0,4,10,26,0.234,0.275,0.314,0.589,66,0.276,69,59,6,1,3,1,0,9H/28D,,moorech02
301,Ron Hassey*,31,2TM,2LG,0.4,67,202,182,16,49,5,1,2,24,1,1,19,32,0.269,0.337,0.341,0.677,87,0.32,86,62,5,0,0,1,3,2H/3D,,hassero01
302,Eric Davis,22,CIN,NL,1.5,57,200,174,33,39,10,1,10,30,10,2,24,48,0.224,0.32,0.466,0.786,115,0.391,131,81,1,1,0,1,0,89/H7,,daviser01
303,Terry Whitfield*,31,LAD,NL,0.2,87,200,180,15,44,8,0,4,18,1,4,17,35,0.244,0.313,0.356,0.669,90,0.306,88,64,5,1,2,0,2,H97/8,,whitfte01
304,Jeff Stone*,23,PHI,NL,1.7,51,199,185,27,67,4,6,1,15,27,5,9,26,0.362,0.394,0.465,0.859,139,0.425,147,86,2,2,1,2,0,7/H,ROY-7,stoneje01
305,John Wathan,34,KCR,AL,-0.9,97,196,171,17,31,7,1,2,10,6,6,21,34,0.181,0.271,0.269,0.54,51,0.261,52,46,6,0,4,0,0,23H/D7,,wathajo01
306,Jim Dwyer*,34,BAL,AL,0.2,76,195,161,22,41,9,1,2,21,0,2,23,24,0.255,0.337,0.36,0.697,96,0.321,96,58,2,0,5,6,0,9H/D7,,dwyerji01
307,Bobby Clark,29,MIL,AL,-0.7,58,189,169,17,44,7,2,2,16,1,5,16,35,0.26,0.326,0.361,0.687,94,0.321,102,61,9,1,2,1,0,89/H7,,clarkbo04
308,Miguel Diloné#,29,MON,NL,1.7,88,189,169,28,47,8,2,1,10,27,2,17,18,0.278,0.346,0.367,0.713,105,0.367,104,62,4,1,1,1,0,H7,,dilonmi01
309,U L Washington#,30,KCR,AL,0.2,63,189,170,18,38,6,0,1,10,4,6,14,31,0.224,0.281,0.276,0.558,56,0.273,63,47,1,0,4,1,0,6/H,,washiu_01
310,Bobby Brown#,30,SDP,NL,0.5,85,187,171,28,43,7,2,3,29,16,4,11,33,0.251,0.292,0.368,0.66,85,0.316,78,63,6,0,2,3,0,H798,,brownbo04
311,Tito Landrum,29,STL,NL,-0.3,105,187,173,21,47,9,1,3,26,3,4,10,27,0.272,0.306,0.387,0.694,96,0.32,96,67,8,0,1,3,1,7H98,,landrti01
312,Joe Lefebvre*,28,PHI,NL,0.2,52,187,160,22,40,9,0,3,18,0,2,23,37,0.25,0.348,0.363,0.71,99,0.322,93,58,5,2,0,2,4,97/H5,,lefebjo01
313,Donnie Hill#,23,OAK,AL,-0.7,73,185,174,21,40,6,0,2,16,1,1,5,12,0.23,0.249,0.299,0.547,57,0.25,48,52,3,0,4,2,0,6/H45D,,hilldo01
314,Ángel Salazar,22,MON,NL,-1,80,184,174,12,27,4,2,0,12,1,1,4,38,0.155,0.178,0.201,0.379,9,0.194,1,35,2,1,4,1,0,6/H,,salazan01
315,Roy Howell*,30,MIL,AL,0.2,68,176,164,12,38,5,1,4,17,0,1,8,32,0.232,0.284,0.348,0.632,77,0.303,83,57,9,4,0,0,1,5H/D3,,howelro02
316,Daryl Sconiers*,25,CAL,AL,-0.1,57,173,160,14,39,4,0,4,17,1,2,13,17,0.244,0.301,0.344,0.644,79,0.296,76,55,6,0,0,0,2,3H/D,,sconida01
317,Tim Foli,33,NYY,AL,-0.4,61,172,163,8,41,11,0,0,16,0,0,2,16,0.252,0.265,0.319,0.584,64,0.273,59,52,4,1,6,0,0,645/H3D,,foliti01
318,Rusty Kuntz,29,DET,AL,-0.1,84,168,140,32,40,12,0,2,22,2,2,25,28,0.286,0.393,0.414,0.807,125,0.368,127,58,2,1,0,2,1,9H87D,,kuntzru01
319,Lenn Sakata,30,BAL,AL,0.4,81,168,157,23,30,1,0,3,11,4,1,6,15,0.191,0.221,0.255,0.476,33,0.226,20,40,4,0,5,0,2,4H/7,,sakatle01
320,Darnell Coles,22,SEA,AL,-1.7,48,165,143,15,23,3,1,0,6,2,1,17,26,0.161,0.259,0.196,0.455,30,0.23,26,28,5,2,3,0,0,5/H7D,,colesda01
321,Mike Brown,24,CAL,AL,0.7,62,163,148,19,42,8,3,7,22,0,2,13,23,0.284,0.342,0.52,0.862,136,0.375,134,77,8,0,2,0,1,9H/D7,,brownmi02
322,Jim Essian,33,OAK,AL,1.6,63,162,136,17,32,9,0,2,10,1,1,23,17,0.235,0.348,0.346,0.693,100,0.356,124,47,3,1,1,1,0,2/H5D,,essiaji01
323,Jerry Narron*,28,CAL,AL,0.1,69,162,150,9,37,5,0,3,17,0,0,8,12,0.247,0.286,0.34,0.626,74,0.297,73,51,7,1,1,2,1,2H/3,,narroje01
324,Rafael Santana,26,NYM,NL,0.1,51,162,152,14,42,11,1,1,12,0,3,9,17,0.276,0.317,0.382,0.698,97,0.326,102,58,3,0,1,0,0,6/H,,santara01
325,Art Howe,37,STL,NL,-0.2,89,161,139,17,30,5,0,2,12,0,2,18,18,0.216,0.3,0.295,0.595,70,0.271,60,41,6,0,1,3,1,5H3/46,,howear01
326,Henry Cotto,23,CHC,NL,1.2,105,160,146,24,40,5,0,0,8,9,3,10,23,0.274,0.325,0.308,0.633,74,0.333,87,45,1,1,3,0,2,7H89,,cottohe01
327,Dave Meier,24,MIN,AL,-1.3,59,158,147,18,35,8,1,0,13,0,1,6,9,0.238,0.271,0.306,0.577,57,0.264,47,45,5,1,3,1,0,7H9/D5,,meierda01
328,Alan Bannister,32,2TM,2LG,0.4,56,157,132,22,37,4,1,2,9,3,0,23,19,0.28,0.389,0.371,0.76,112,0.37,120,49,1,1,0,1,0,4HD/657389,,bannial01
329,Bob Jones*,34,TEX,AL,-0.3,64,156,143,14,37,4,0,4,22,1,1,10,19,0.259,0.308,0.371,0.678,85,0.307,78,53,0,1,0,2,1,H379/D,,jonesbo02
330,Marty Castillo,27,DET,AL,0.3,70,155,141,16,33,5,2,4,17,1,0,10,33,0.234,0.285,0.383,0.668,84,0.3,74,54,4,0,4,0,0,25/HD,,castima02
331,Todd Cruz,28,BAL,AL,0.6,95,154,142,15,31,4,0,3,9,1,4,8,33,0.218,0.263,0.31,0.573,61,0.28,71,44,2,1,2,1,0,5H/1D,,cruzto02
332,Albert Hall#,26,ATL,NL,-0.3,87,153,142,25,37,6,1,1,9,6,4,10,18,0.261,0.309,0.338,0.647,77,0.296,67,48,2,0,1,0,0,7H9/8,,hallal02
333,Gene Richards*,30,SFG,NL,-0.3,87,153,135,18,34,4,0,0,4,5,3,18,28,0.252,0.34,0.281,0.621,79,0.297,77,38,3,0,0,0,2,H79/8,,richage01
334,Jerry Dybzinski,28,CHW,AL,0.5,94,152,132,17,31,5,1,1,10,7,2,13,12,0.235,0.311,0.311,0.621,70,0.3,65,41,3,2,4,1,0,65H/D4,,dybzije01
335,Andre Robertson,26,NYY,AL,-1,52,152,140,10,30,5,1,0,6,0,1,4,20,0.214,0.236,0.264,0.5,41,0.236,33,37,11,0,8,0,0,4-Jun,,roberan01
336,Oscar Gamble*,34,NYY,AL,0.2,54,151,125,17,23,2,0,10,27,1,0,25,18,0.184,0.318,0.44,0.758,112,0.347,111,55,1,0,0,1,0,DH9,,gamblos01
337,Mike Fischlin,28,CLE,AL,-0.1,85,150,133,17,30,4,2,1,14,2,2,12,20,0.226,0.29,0.308,0.598,65,0.272,54,41,2,0,5,0,0,456/H,,fischmi01
338,Jeff Kunkel,22,TEX,AL,-0.8,50,150,142,13,29,2,3,3,7,4,3,2,35,0.204,0.218,0.324,0.542,46,0.24,31,46,2,1,3,2,0,6/HD,,kunkeje01
339,Tony Pérez,42,CIN,NL,-0.6,71,149,137,9,33,6,1,2,15,0,0,11,21,0.241,0.295,0.343,0.638,77,0.3,71,47,8,0,0,1,2,H3,,perezto01
340,Tim Flannery*,26,SDP,NL,1.2,86,146,128,24,35,3,3,2,10,4,1,12,17,0.273,0.347,0.391,0.738,108,0.353,111,50,1,3,2,1,1,H465,,flannti01
341,Buddy Biancalana#,24,KCR,AL,-0.3,66,145,134,18,26,6,1,2,9,1,2,6,44,0.194,0.229,0.299,0.527,45,0.245,37,40,2,0,5,0,0,64H/D,,biancbu01
342,Steve Nicosia,28,SFG,NL,0.4,48,144,132,9,40,11,2,2,19,1,1,8,14,0.303,0.336,0.462,0.798,126,0.359,123,61,3,0,1,3,0,2H,,nicosst01
343,Gorman Thomas,33,SEA,AL,-0.8,35,143,108,6,17,3,0,1,13,0,3,28,27,0.157,0.322,0.213,0.535,53,0.272,64,23,3,1,0,6,0,7/D,,thomago01
344,Bob Bailor,32,LAD,NL,0.7,65,142,131,11,36,4,0,0,8,3,1,8,1,0.275,0.317,0.305,0.622,78,0.309,82,40,3,0,3,0,1,45H6,,bailobo01
345,Rick Miller*,36,BOS,AL,-0.3,95,141,123,17,32,5,1,0,12,1,1,17,22,0.26,0.348,0.317,0.665,82,0.315,82,39,3,0,0,1,0,H89/3,,milleri01
346,Reid Nichols,25,BOS,AL,-0.6,74,141,124,14,28,5,1,1,14,2,1,12,18,0.226,0.307,0.306,0.614,68,0.289,62,38,0,3,1,1,1,H87/9D,,nichore01
347,Randy Ready,24,MIL,AL,-0.3,37,140,123,13,23,6,1,3,13,0,0,14,18,0.187,0.27,0.325,0.595,67,0.273,59,40,2,0,3,0,0,5/H,,readyra01
348,Brian Dayett,27,NYY,AL,0.3,64,139,127,14,31,8,0,4,23,0,0,9,14,0.244,0.295,0.402,0.697,95,0.343,109,51,3,1,0,2,0,79/HD,,dayetbr01
349,Mike Jorgensen*,35,2TM,NL,-0.3,90,138,124,9,31,5,2,1,17,0,1,13,23,0.25,0.319,0.347,0.666,88,0.304,81,43,1,0,0,1,2,H3/97,,jorgemi01
350,Marv Foley*,30,TEX,AL,-0.3,63,134,115,13,25,2,0,6,19,0,0,15,24,0.217,0.306,0.391,0.697,90,0.31,79,45,1,1,0,3,1,2H/D35,,foleyma01
351,Rick Cerone,30,NYY,AL,0,38,132,120,8,25,3,0,2,13,1,0,9,15,0.208,0.269,0.283,0.553,56,0.266,52,34,5,1,2,0,0,2,,ceronri01
352,Ron Hodges*,35,NYM,NL,0.5,64,132,106,5,22,3,0,1,11,1,1,23,18,0.208,0.351,0.264,0.615,77,0.344,109,28,3,1,1,1,0,2H,,hodgero01
353,Duane Kuiper*,34,SFG,NL,-0.7,83,130,115,8,23,1,0,0,11,0,1,12,10,0.2,0.273,0.209,0.482,40,0.218,17,24,2,0,2,1,5,H4/3,,kuipedu01
354,Bob Horner,26,ATL,NL,0.7,32,129,113,15,31,8,0,3,19,0,0,14,17,0.274,0.349,0.425,0.774,111,0.36,112,48,3,0,0,2,2,5,,hornebo01
355,Benny Ayala,33,BAL,AL,-0.6,60,128,118,9,25,6,0,4,24,1,1,8,24,0.212,0.258,0.364,0.622,73,0.282,66,43,4,0,0,2,0,DH7/9,,ayalabe01
356,Butch Davis,26,KCR,AL,-1.1,41,128,116,11,17,3,0,2,12,4,3,10,19,0.147,0.211,0.224,0.435,21,0.236,32,26,2,0,0,2,0,7/HD89,,davisbu02
357,Rob Picciolo,31,CAL,AL,-0.3,87,128,119,18,24,6,0,1,9,0,1,0,21,0.202,0.2,0.277,0.477,32,0.229,24,33,2,0,8,1,0,6H5/49,,picciro01
358,Ron Jackson,31,2TM,AL,-0.8,45,128,119,5,23,4,1,0,7,0,2,7,17,0.193,0.236,0.244,0.48,34,0.253,48,29,3,0,1,1,1,35/H7,,jacksro02
359,Willie Lozado,25,MIL,AL,0.4,43,124,107,15,29,8,2,1,20,0,3,12,23,0.271,0.339,0.411,0.75,111,0.338,115,44,1,0,3,2,0,5/6HD4,,lozadwi01
360,Brian Harper,24,PIT,NL,0.2,46,121,112,4,29,4,0,2,11,0,0,5,11,0.259,0.3,0.348,0.648,82,0.305,79,39,4,2,1,1,0,7H/92,,harpebr01
361,Fran Mullins,27,SFG,NL,0.5,57,120,110,8,24,8,0,2,10,3,1,9,29,0.218,0.277,0.345,0.623,77,0.297,74,38,3,0,1,0,0,56/4H,,mullifr01
362,Doug Baker#,23,DET,AL,-0.7,43,118,108,15,20,4,1,0,12,3,0,7,22,0.185,0.241,0.241,0.482,35,0.24,27,26,1,1,2,0,0,6/4HD,,bakerdo01
363,Gary Woods,30,CHC,NL,0.1,87,116,98,13,23,4,1,3,10,2,1,15,21,0.235,0.333,0.388,0.721,96,0.349,103,38,3,0,2,1,0,7H98/4,,woodsga01
364,Steve Braun*,36,STL,NL,0.3,86,115,98,6,27,3,1,0,16,0,0,17,17,0.276,0.383,0.327,0.709,104,0.345,110,32,0,0,0,0,0,H7/95,,braunst01
365,John Russell,23,PHI,NL,0.1,39,114,99,11,28,8,1,2,11,0,1,12,33,0.283,0.351,0.444,0.795,121,0.362,122,44,2,0,0,3,2,97H/2,,russejo02
366,Jerry Remy*,31,BOS,AL,0,30,113,104,8,26,1,1,0,8,4,3,7,11,0.25,0.297,0.279,0.576,58,0.288,64,29,1,0,2,0,0,4/H,,remyje01
367,Dave Van Gorder,27,CIN,NL,0.1,38,113,101,10,23,2,0,0,6,0,0,12,17,0.228,0.31,0.248,0.557,56,0.286,60,25,2,0,0,0,2,2/H3,,vangoda01
368,Thad Bosley*,27,CHC,NL,0.2,55,112,98,17,29,2,2,2,14,5,1,13,22,0.296,0.375,0.418,0.793,116,0.364,109,41,1,0,0,1,2,H97/8,,bosleth01
369,Milt Thompson*,25,ATL,NL,0.7,25,111,99,16,30,1,0,2,4,14,2,11,11,0.303,0.373,0.374,0.746,105,0.404,126,37,1,0,1,0,1,7/H,,thompmi02
370,Lynn Jones,31,KCR,AL,-0.2,47,109,103,11,31,6,0,1,10,1,3,4,9,0.301,0.33,0.388,0.719,99,0.311,91,40,4,1,0,1,0,97H/8,,jonesly01
371,Amos Otis,37,PIT,NL,-0.8,40,109,97,6,16,4,0,0,10,0,0,7,15,0.165,0.213,0.206,0.419,19,0.205,5,20,4,0,1,4,0,7H,,otisam01
372,Terry Harper,28,ATL,NL,-0.5,40,108,102,4,16,3,1,0,8,4,1,4,21,0.157,0.194,0.206,0.4,10,0.209,-1,21,6,1,0,1,0,7H/9,,harpete01
373,Milt May*,33,PIT,NL,-0.4,50,107,96,4,17,3,0,1,8,0,1,10,15,0.177,0.255,0.24,0.494,40,0.245,38,23,3,0,1,0,1,2H,,maymi01
374,Tom Lawless,27,2TM,NL,-0.3,54,106,97,11,23,3,0,1,2,7,3,8,16,0.237,0.295,0.299,0.594,66,0.286,60,29,4,0,1,0,1,4H/5,,lawleto01
375,Tony Scott#,32,2TM,NL,0.2,70,105,92,10,22,5,0,0,5,1,1,11,24,0.239,0.317,0.293,0.611,77,0.296,79,27,1,0,1,1,2,H7/89,,scottto01
376,Dave Owen#,26,CHC,NL,-0.3,47,104,93,8,18,2,2,1,10,1,2,8,15,0.194,0.269,0.29,0.56,53,0.268,49,27,0,2,0,1,1,6/H54,,owenda01
377,Tom Dunbar*,24,TEX,AL,-0.4,34,103,97,9,25,2,0,2,10,1,0,6,16,0.258,0.301,0.34,0.641,76,0.3,70,33,1,0,0,0,1,9H/7D,,dunbato01
378,Otis Nixon#,25,CLE,AL,-0.7,49,103,91,16,14,0,0,0,1,12,6,8,11,0.154,0.22,0.154,0.374,5,0.221,14,14,2,0,3,1,0,7H/8,,nixonot01
379,Paul Runge,26,ATL,NL,0.6,28,103,90,5,24,3,1,0,3,5,3,10,14,0.267,0.34,0.322,0.662,82,0.327,89,29,2,0,3,0,0,4/65H,,rungepa01
380,Joaquín Andújar#,31,STL,NL,0.4,36,100,84,8,11,1,0,2,8,1,1,9,47,0.131,0.215,0.214,0.429,23,0.216,12,18,0,0,7,0,0,1,ASCYA-4GG,andujjo01
381,Dan Ford,32,BAL,AL,0.1,25,100,91,7,21,4,0,1,5,1,0,7,13,0.231,0.286,0.308,0.593,67,0.313,85,28,3,0,2,0,0,9/DH,,fordda01
382,Mark Wagner,30,OAK,AL,-0.1,82,100,87,8,20,5,1,0,12,2,0,7,11,0.23,0.284,0.31,0.595,71,0.286,68,27,5,0,5,1,0,65/4HD1,,wagnema01
383,Dave Stegman,30,CHW,AL,0.3,55,99,92,13,24,1,2,2,11,3,0,4,18,0.261,0.306,0.38,0.687,86,0.345,97,35,1,2,1,0,0,8H7/9D,,stegmda01
384,Junior Ortiz,24,NYM,NL,-0.6,40,98,91,6,18,3,0,0,11,1,0,5,15,0.198,0.235,0.231,0.465,32,0.229,22,21,2,0,0,2,0,2H,,ortizju01
385,Bruce Bochy,29,SDP,NL,0.2,37,97,92,10,21,5,1,4,15,0,1,3,21,0.228,0.25,0.435,0.685,90,0.308,85,40,2,0,1,1,0,2/H,,bochybr01
386,Rick Leach*,27,TOR,AL,0.1,65,97,88,11,23,6,2,0,7,0,0,8,14,0.261,0.32,0.375,0.695,89,0.341,100,33,3,0,0,1,0,H93/D718,,leachri01
387,Jerry Martin,35,NYM,NL,-0.7,51,97,91,6,14,1,0,3,5,0,0,6,29,0.154,0.206,0.264,0.47,32,0.219,17,24,5,0,0,0,0,H9/73,,martije01
388,Joe Niekro,39,HOU,NL,0,38,96,83,4,11,0,0,0,6,0,0,2,21,0.133,0.153,0.133,0.285,-16,0.157,-35,11,0,0,11,0,0,1,,niekrjo01
389,Kurt Bevacqua,37,SDP,NL,-0.2,59,95,80,7,16,3,0,1,9,0,0,14,19,0.2,0.326,0.275,0.601,71,0.308,81,22,6,1,0,0,1,H35/97,,bevacku01
390,Chris Brown,22,SFG,NL,0.1,23,95,84,6,24,7,0,1,11,2,1,9,19,0.286,0.358,0.405,0.763,117,0.369,128,34,4,1,0,1,0,5,,brownch02
391,Dave Hostetler,28,TEX,AL,-0.1,37,95,82,7,18,2,1,3,10,0,0,13,27,0.22,0.326,0.378,0.704,93,0.332,95,31,5,0,0,0,0,3DH,,hosteda01
392,Bob Watson,38,ATL,NL,-0.3,49,94,85,4,18,4,0,2,12,0,0,9,12,0.212,0.287,0.329,0.617,69,0.278,51,28,2,0,0,0,2,H3,,watsobo01
393,Doug Loman*,26,MIL,AL,0.6,23,93,76,13,21,4,0,2,12,0,2,15,7,0.276,0.402,0.408,0.81,130,0.376,142,31,0,1,1,0,2,9-Jul,,lomando01
394,Tom Nieto,23,STL,NL,0.7,33,93,86,7,24,4,0,3,12,0,0,5,18,0.279,0.312,0.43,0.742,109,0.324,94,37,3,0,0,2,2,2/H,,nietoto01
395,Lou Piniella,40,NYY,AL,-0.1,29,93,86,8,26,4,1,1,6,0,0,7,5,0.302,0.355,0.407,0.762,115,0.34,108,35,7,0,0,0,1,7/9HD,,pinielo01
396,Gary Allenson,29,BOS,AL,-0.2,35,92,83,9,19,2,0,2,8,0,0,9,14,0.229,0.304,0.325,0.63,72,0.282,56,27,5,0,0,0,2,2,,allenga01
397,John Rabb,24,SFG,NL,-0.2,54,92,82,10,16,1,0,3,9,1,1,10,33,0.195,0.283,0.317,0.6,71,0.3,80,26,0,0,0,0,0,H3/297,,rabbjo01
398,Rick Rhoden,31,PIT,NL,1.3,35,92,84,9,28,6,0,0,4,0,0,2,10,0.333,0.345,0.405,0.75,111,0.349,111,34,1,0,5,1,0,1/H,SS,rhoderi01
399,Mario Soto,27,CIN,NL,0.4,33,92,87,5,18,5,0,1,9,0,0,0,28,0.207,0.205,0.299,0.503,38,0.224,12,26,0,0,4,1,0,1,ASCYA-6,sotoma01
400,Denny González,20,PIT,NL,-0.4,26,91,82,9,15,3,1,0,4,1,1,7,21,0.183,0.247,0.244,0.491,39,0.235,27,20,4,0,2,0,1,56/7H,,gonzade01
401,Richie Hebner*,36,CHC,NL,0.8,44,91,81,12,27,3,0,2,8,1,0,10,15,0.333,0.407,0.444,0.851,132,0.407,144,36,2,0,0,0,2,H5/379,,hebneri01
402,Bobby Ramos,28,MON,NL,0.1,31,91,83,8,16,1,0,2,5,0,0,6,13,0.193,0.244,0.277,0.522,49,0.258,48,23,5,0,1,1,1,2,,ramosbo01
403,Jeff Burroughs,33,OAK,AL,0,58,90,71,5,15,1,0,2,8,0,0,18,23,0.211,0.367,0.31,0.677,97,0.335,108,22,2,0,0,1,0,HD/7,,burroje01
404,Steve Carlton*,39,PHI,NL,0.3,34,89,84,8,16,2,0,1,10,0,0,2,20,0.19,0.209,0.25,0.459,28,0.211,5,21,1,0,3,0,0,1/H,,carltst01
405,Bob Knepper*,30,HOU,NL,0.5,35,89,76,6,13,2,0,1,8,1,0,7,28,0.171,0.241,0.237,0.478,40,0.231,27,18,1,0,6,0,0,1,,kneppbo01
406,Jerry Koosman,41,PHI,NL,-0.5,36,89,74,2,8,0,0,0,3,0,0,1,23,0.108,0.12,0.108,0.228,-36,0.12,-87,8,3,0,14,0,0,1,,koosmje01
407,Mike Squires*,32,CHW,AL,-1,104,89,82,9,15,1,0,0,6,2,2,6,7,0.183,0.239,0.195,0.434,20,0.207,6,16,1,0,1,0,1,3H5/D189,,squirmi01
408,Fernando Valenzuela*,23,LAD,NL,0.5,35,89,79,5,15,3,0,3,7,0,0,1,11,0.19,0.2,0.342,0.542,51,0.243,28,27,2,0,9,0,0,1/H,AS,valenfe01
409,Joel Skinner,23,CHW,AL,-0.5,43,88,80,4,17,2,0,0,3,1,0,7,19,0.213,0.273,0.238,0.51,40,0.244,28,19,2,0,0,1,0,2,,skinnjo01
410,Mickey Tettleton#,23,OAK,AL,0.5,33,88,76,10,20,2,1,1,5,0,0,11,21,0.263,0.352,0.355,0.708,104,0.336,109,27,3,0,0,1,0,2/H,,tettlmi01
411,Mike Ramsey#,30,2TM,NL,0,58,88,85,3,16,2,0,0,3,0,0,1,16,0.188,0.198,0.212,0.409,17,0.21,10,18,2,0,2,0,0,64/H5,,ramsemi01
412,Daryl Boston*,21,CHW,AL,-0.4,35,87,83,8,14,3,1,0,3,6,0,4,20,0.169,0.207,0.229,0.436,19,0.218,-1,19,0,0,0,0,0,8/H9D,,bostoda01
413,Domingo Ramos,26,SEA,AL,-0.7,59,87,81,6,15,2,0,0,2,2,2,5,12,0.185,0.233,0.21,0.442,25,0.214,19,17,4,0,1,0,0,56/3H4,,ramosdo01
414,Harry Spilman*,29,HOU,NL,0.2,32,87,72,14,19,2,0,2,15,0,0,12,10,0.264,0.356,0.375,0.731,114,0.336,110,27,1,0,0,3,0,3H/2,,spilmha01
415,Benny Distefano*,22,PIT,NL,0.1,45,86,78,10,13,1,2,3,9,0,1,5,13,0.167,0.226,0.346,0.572,59,0.283,66,27,3,1,2,0,1,H39/7,,distebe01
416,Larry McWilliams*,30,PIT,NL,-0.4,36,86,74,1,9,0,0,0,4,0,1,0,22,0.122,0.122,0.122,0.243,-31,0.13,-67,9,0,0,12,0,0,1/H,,mcwilla01
417,Charlie Lea,27,MON,NL,-0.4,30,85,72,3,8,0,0,0,0,0,0,1,24,0.111,0.123,0.111,0.234,-32,0.123,-74,8,2,0,12,0,0,1,AS,leach01
418,Jim Pankovits,28,HOU,NL,0.3,53,85,81,6,23,7,0,1,14,2,1,2,20,0.284,0.298,0.407,0.705,104,0.327,103,33,1,0,1,1,0,H4/67,,pankoji01
419,Orlando Mercado,22,SEA,AL,-0.1,30,84,78,5,17,3,1,0,5,1,0,4,12,0.218,0.265,0.282,0.547,53,0.266,50,22,1,1,1,0,0,2/H,,mercaor01
420,Bo Díaz,31,PHI,NL,-0.1,27,83,75,5,16,4,0,1,9,0,0,5,13,0.213,0.256,0.307,0.563,57,0.268,49,23,4,0,1,2,0,2/H,,diazbo01
421,Dwight Gooden,19,NYM,NL,0.3,31,83,70,5,14,0,0,0,3,0,0,1,14,0.2,0.205,0.2,0.405,15,0.224,10,14,3,0,10,2,0,1,ASCYA-2MVP-15ROY-1,goodedw01
422,Bill Gullickson,25,MON,NL,-0.4,32,83,73,1,8,0,0,0,1,0,1,3,22,0.11,0.143,0.11,0.252,-27,0.128,-52,8,0,0,6,1,0,1,,gullibi01
423,Bill Lyons,26,STL,NL,0.6,46,83,73,13,16,3,0,0,3,3,1,9,13,0.219,0.305,0.26,0.565,62,0.281,60,19,0,0,1,0,1,4H6/5,,lyonsbi01
424,John Tudor*,30,PIT,NL,0.2,36,83,76,3,16,1,0,0,2,1,0,3,24,0.211,0.241,0.224,0.464,32,0.221,11,17,0,0,4,0,0,1/H,,tudorjo01
425,Tom Veryzer,31,CHC,NL,-1,44,83,74,5,14,1,0,0,4,0,0,3,11,0.189,0.259,0.203,0.462,28,0.232,15,15,3,4,2,0,1,6/54H,,veryzto01
426,Luis Aguayo,25,PHI,NL,1.1,58,80,72,15,20,4,0,3,11,0,0,8,16,0.278,0.35,0.458,0.808,124,0.382,134,33,1,0,0,0,2,H546,,aguaylu01
427,Glenn Hoffman,25,BOS,AL,-0.8,64,80,74,8,14,4,0,0,4,0,1,5,10,0.189,0.241,0.243,0.484,32,0.23,24,18,3,0,1,0,0,6/H54,,hoffmgl01
428,Jay Johnstone*,38,CHC,NL,0.1,52,80,73,8,21,2,2,0,3,0,0,7,18,0.288,0.35,0.37,0.72,97,0.336,93,27,2,0,0,0,4,H/978,,johnsja01
429,Ed Jurak,26,BOS,AL,0.2,47,79,66,6,16,3,1,1,7,0,2,12,12,0.242,0.359,0.364,0.723,97,0.334,103,24,1,0,1,0,0,34H/56,,juraked01
430,Pascual Pérez,27,ATL,NL,0,32,79,66,5,5,1,1,0,3,1,0,6,29,0.076,0.164,0.121,0.286,-21,0.189,-24,8,0,1,6,0,0,1/H,,perezpa01
431,Rusty Staub*,40,NYM,NL,-0.2,78,79,72,2,19,4,0,1,18,0,0,4,9,0.264,0.291,0.361,0.652,84,0.276,57,26,1,0,0,3,3,H/3,,staubru01
432,Steve Jeltz#,25,PHI,NL,0.8,28,77,68,7,14,0,1,1,7,2,1,7,11,0.206,0.276,0.279,0.556,56,0.292,67,19,3,0,1,1,1,5-Jun,,jeltzst01
433,Walt Terrell*,26,NYM,NL,-0.4,33,77,75,3,6,2,0,0,0,0,0,1,33,0.08,0.092,0.107,0.199,-44,0.104,-68,8,1,0,1,0,0,1,,terrewa01
434,Mike Krukow,32,SFG,NL,0,36,76,72,5,10,1,0,0,2,0,0,1,19,0.139,0.149,0.153,0.301,-14,0.177,-15,11,1,0,2,1,0,1/H,,krukomi01
435,Tim Lollar*,28,SDP,NL,0.9,31,76,68,6,15,1,1,3,15,0,0,6,21,0.221,0.28,0.397,0.677,89,0.306,79,27,1,0,1,1,0,1,,lollati01
436,Rick Mahler,30,ATL,NL,0.7,38,76,71,6,21,3,0,0,3,0,0,2,8,0.296,0.315,0.338,0.653,79,0.299,66,24,1,0,3,0,0,1,,mahleri01
437,Víctor Mata,23,NYY,AL,0.1,30,76,70,8,23,5,0,1,6,1,1,0,12,0.329,0.333,0.443,0.776,117,0.352,120,31,1,1,4,1,0,8/H97,,matavi01
438,Broderick Perkins*,29,CLE,AL,-0.6,58,76,66,5,13,1,0,0,4,0,0,7,10,0.197,0.276,0.212,0.488,37,0.23,22,14,3,1,0,2,1,HD/3,,perkibr01
439,Eric Show,28,SDP,NL,0.9,32,76,69,7,17,3,0,3,10,0,0,0,23,0.246,0.257,0.42,0.677,88,0.331,97,29,4,1,6,0,0,1,,shower01
440,Max Venable*,27,MON,NL,0.1,38,76,71,7,17,2,0,2,7,1,0,3,7,0.239,0.276,0.352,0.628,79,0.284,65,25,0,1,0,1,1,7H/89,,venabma01
441,Ron Darling,23,NYM,NL,-0.2,39,75,67,7,10,1,0,0,3,0,0,1,19,0.149,0.159,0.164,0.324,-8,0.162,-35,11,1,0,6,1,0,1/H,ROY-5,darliro01
442,Joe Nolan*,33,BAL,AL,0.4,35,75,62,2,18,1,1,1,9,0,0,12,10,0.29,0.4,0.387,0.787,123,0.343,109,24,0,0,0,1,4,HD/2,,nolanjo01
443,Joe Orsulak*,22,PIT,NL,0.2,32,73,67,12,17,1,2,0,3,3,1,1,7,0.254,0.271,0.328,0.6,68,0.288,62,22,0,1,3,1,0,8H/79,,orsuljo01
444,Mario Ramírez,26,SDP,NL,-0.5,48,73,59,12,7,1,0,2,9,0,0,13,14,0.119,0.278,0.237,0.515,47,0.251,38,14,2,0,1,0,1,6H/54,,ramirma01
445,Alejandro Peña,25,LAD,NL,0.1,28,72,66,5,8,3,0,0,1,0,0,2,26,0.121,0.147,0.167,0.314,-11,0.201,0,11,1,0,4,0,0,1,,penaal01
446,Dave LaPoint*,24,STL,NL,-0.5,33,71,59,3,4,0,0,0,3,0,0,2,19,0.068,0.097,0.068,0.165,-52,0.097,-95,4,2,0,9,1,0,1,,lapoida01
447,Bill Laskey,26,SFG,NL,-0.4,35,71,63,3,4,0,0,0,0,0,0,4,26,0.063,0.119,0.063,0.183,-46,0.111,-69,4,1,0,4,0,0,1,,laskebi01
448,Jeff Newman,35,BOS,AL,-0.3,24,71,63,5,14,2,0,1,3,0,0,5,16,0.222,0.275,0.302,0.577,57,0.277,53,19,1,0,2,1,0,2,,newmaje01
449,Steve Trout*,26,CHC,NL,0,32,71,61,4,8,0,0,0,3,0,0,4,21,0.131,0.182,0.131,0.313,-13,0.197,-16,8,1,0,5,1,0,1,,troutst01
450,John Candelaria*,30,PIT,NL,0,33,70,62,6,8,2,0,1,2,0,1,4,25,0.129,0.182,0.21,0.391,10,0.177,-15,13,3,0,4,0,0,1,,candejo01
451,Glenn Davis,23,HOU,NL,0,18,68,61,6,13,5,0,2,8,0,0,4,12,0.213,0.258,0.393,0.651,88,0.306,88,24,0,0,2,1,0,3/H,,davisgl01
452,Rick Honeycutt*,30,LAD,NL,-0.1,29,68,56,1,8,0,0,0,1,1,0,3,17,0.143,0.186,0.143,0.329,-5,0.165,-43,8,1,0,9,0,0,1,,honeyri01
453,Nolan Ryan,37,HOU,NL,-0.1,30,68,61,3,6,2,0,0,1,1,0,2,26,0.098,0.127,0.131,0.258,-24,0.156,-33,8,1,0,5,0,0,1,,ryanno01
454,Mark Thurmond*,27,SDP,NL,0.2,32,68,58,1,11,1,0,0,4,0,0,3,10,0.19,0.23,0.207,0.436,24,0.207,-3,12,1,0,7,0,0,1,,thurmma01
455,Ed Whitson,29,SDP,NL,-0.7,36,68,61,0,3,0,0,0,1,0,0,1,12,0.049,0.065,0.049,0.114,-68,0.071,-110,3,0,0,6,0,0,1/H,,whitsed01
456,Jeff Russell,22,CIN,NL,0,34,67,57,2,8,2,0,0,7,0,0,4,27,0.14,0.194,0.175,0.369,3,0.177,-28,10,0,0,5,1,0,1/H,,russeje01
457,Rufino Linares,33,ATL,NL,0,34,66,58,4,12,3,0,1,10,0,0,6,12,0.207,0.273,0.31,0.583,60,0.282,56,18,1,0,0,2,0,H7/9,,linarru01
458,Bryn Smith,28,MON,NL,0.2,28,65,53,9,7,3,0,0,1,0,0,5,18,0.132,0.207,0.189,0.396,14,0.192,-11,10,0,0,7,0,0,1,,smithbr01
459,José DeLeón,23,PIT,NL,-0.6,30,64,59,0,5,0,0,0,2,0,0,0,25,0.085,0.083,0.085,0.168,-52,0.076,-100,5,1,0,4,1,0,1,,deleojo01
460,Kiko Garcia,30,PHI,NL,0.1,57,64,60,6,14,2,0,0,5,0,0,4,11,0.233,0.281,0.267,0.548,54,0.25,36,16,4,0,0,0,1,65/H4,,garciki01
461,Jeff Robinson,23,SFG,NL,-0.2,34,64,61,0,7,0,0,0,2,0,0,2,23,0.115,0.143,0.115,0.258,-26,0.139,-41,7,2,0,1,0,0,1,,robinje01
462,Ron Wotus,23,PIT,NL,1.1,27,64,55,4,12,6,0,0,2,0,0,6,8,0.218,0.29,0.327,0.618,74,0.286,62,18,4,0,2,1,2,6/4H,,wotusro01
463,Rick Sutcliffe*,28,CHC,NL,0.4,20,63,56,3,14,3,0,0,6,0,0,2,18,0.25,0.276,0.304,0.579,58,0.266,38,17,1,0,5,0,0,1,CYA-1MVP-4,sutclri01
464,Orel Hershiser,25,LAD,NL,0.3,45,62,50,4,10,0,0,0,2,0,0,3,14,0.2,0.259,0.2,0.459,32,0.24,24,10,0,1,8,0,0,1,ROY-3,hershor01
465,Craig McMurtry,24,ATL,NL,-0.2,40,62,52,4,6,0,1,0,1,1,0,2,27,0.115,0.148,0.154,0.302,-17,0.164,-53,8,0,0,8,0,0,1/H,,mcmurcr01
466,Glenn Brummer,29,STL,NL,-0.2,28,61,58,3,12,0,0,1,3,0,0,3,7,0.207,0.246,0.259,0.505,44,0.236,31,15,5,0,0,0,0,2/H,,brummgl01
467,Garry Hancock*,30,OAK,AL,-0.4,51,61,60,2,13,2,0,0,8,0,0,0,1,0.217,0.217,0.25,0.467,34,0.209,18,15,4,0,1,0,0,H/79D381,,hancoga01
468,Charles Hudson#,25,PHI,NL,-0.4,30,61,56,3,5,3,0,0,4,0,0,0,27,0.089,0.088,0.143,0.231,-36,0.101,-83,8,0,0,4,1,0,1,,hudsoch02
469,Bob Welch,27,LAD,NL,-0.4,32,61,51,0,4,0,0,0,3,0,0,2,15,0.078,0.113,0.078,0.192,-45,0.096,-97,4,1,0,8,0,0,1/H,,welchbo01
470,Bruce Berenyi,29,2TM,NL,0.2,32,61,53,3,10,1,0,0,3,0,0,0,10,0.189,0.185,0.208,0.393,10,0.212,-1,11,1,0,7,1,0,1,,berenbr01
471,Danny Cox,24,STL,NL,-0.1,31,59,53,4,7,0,0,0,1,0,0,5,22,0.132,0.207,0.132,0.339,-2,0.172,-18,7,2,0,1,0,0,1/H,,coxda01
472,Joe Price,27,CIN,NL,-0.1,30,59,48,3,7,1,0,0,2,0,0,2,16,0.146,0.18,0.167,0.347,-3,0.165,-50,8,0,0,9,0,0,1,,pricejo02
473,Champ Summers*,38,SDP,NL,-0.1,47,59,54,5,10,3,0,1,12,0,0,4,15,0.185,0.254,0.296,0.551,55,0.282,61,16,2,1,0,0,1,H/3,,summech01
474,Sid Bream*,23,LAD,NL,0.1,27,58,49,2,9,3,0,0,6,1,0,6,9,0.184,0.263,0.245,0.508,45,0.245,30,12,1,0,1,2,2,H3,,breamsi01
475,Andre David*,26,MIN,AL,0,33,57,48,5,12,2,0,1,5,0,0,7,11,0.25,0.351,0.354,0.705,93,0.329,91,17,2,1,0,1,2,H7/9D,,davidan01
476,Dennis Eckersley,29,CHC,NL,-0.5,24,57,55,1,6,0,0,0,1,0,0,1,25,0.109,0.125,0.109,0.234,-36,0.111,-73,6,1,0,1,0,0,1,,eckerde01
477,Steve Lake,27,CHC,NL,0.4,25,57,54,4,12,4,0,2,7,0,0,0,7,0.222,0.232,0.407,0.64,71,0.283,54,22,0,1,1,1,0,2/H,,lakest01
478,Rafael Landestoy#,31,LAD,NL,-0.7,53,57,54,10,10,0,0,1,2,2,1,1,6,0.185,0.2,0.241,0.441,25,0.203,3,13,1,0,2,0,0,H45/97,,landera01
479,Rick Monday*,38,LAD,NL,-0.1,31,57,47,4,9,2,0,1,7,0,0,8,16,0.191,0.309,0.298,0.607,73,0.266,48,14,0,0,2,0,3,H3/79,,mondari01
480,Lenny Faedo,24,MIN,AL,0.1,16,56,52,6,13,1,0,1,6,0,0,4,3,0.25,0.304,0.327,0.63,72,0.323,87,17,1,0,0,0,0,6/DH,,faedole01
481,Steve Rogers,34,MON,NL,0,31,55,49,2,7,1,1,0,1,0,0,2,15,0.143,0.176,0.204,0.381,9,0.176,-19,10,1,0,4,0,0,1,,rogerst01
482,Mike Scott,29,HOU,NL,-0.1,31,55,47,3,6,2,0,0,3,0,0,2,26,0.128,0.163,0.17,0.333,-2,0.157,-34,8,1,0,6,0,0,1,,scottmi03
483,Mark Davis*,23,SFG,NL,0.1,46,54,46,4,6,0,2,0,4,0,0,2,16,0.13,0.167,0.217,0.384,9,0.175,-26,10,0,0,6,0,0,1,,davisma01
484,John Denny,31,PHI,NL,0.1,22,54,47,3,9,0,0,0,4,0,0,1,11,0.191,0.204,0.191,0.396,11,0.202,-8,9,0,0,5,1,0,1,,dennyjo01
485,Jim Anderson,27,TEX,AL,0,39,53,47,2,5,0,0,0,1,0,0,4,7,0.106,0.176,0.106,0.283,-20,0.182,-17,5,0,0,2,0,0,6/54H,,anderji01
486,Al Chambers*,23,SEA,AL,-0.3,22,52,49,4,11,1,0,1,4,2,1,3,12,0.224,0.269,0.306,0.575,61,0.263,51,15,0,0,0,0,0,7H/D,,chambal01
487,Dwight Lowry*,26,DET,AL,0.3,32,52,45,8,11,2,0,2,7,0,0,3,11,0.244,0.292,0.422,0.714,96,0.337,102,19,3,0,4,0,0,2/H,,lowrydw01
488,Scott Sanderson,27,CHC,NL,-0.1,24,51,42,3,5,0,0,0,5,0,0,3,18,0.119,0.191,0.119,0.311,-13,0.159,-47,5,0,1,4,1,0,1,,sandesc01
489,Leon Roberts,33,KCR,AL,0,28,50,45,4,10,1,1,0,3,0,0,4,3,0.222,0.3,0.289,0.589,65,0.294,71,13,1,1,0,0,0,H7/9D1,,roberle01
490,Dick Ruthven,33,CHC,NL,0.1,25,50,44,2,7,3,0,0,2,0,0,1,18,0.159,0.178,0.227,0.405,10,0.205,-12,10,0,0,5,0,0,1/H,,ruthvdi01
491,Ed Amelung*,25,LAD,NL,0.3,34,49,46,7,10,0,0,0,4,3,2,2,4,0.217,0.25,0.217,0.467,34,0.275,61,10,1,0,1,0,0,H9/78,,amelued01
492,Rick Camp,31,ATL,NL,-0.3,31,49,45,0,5,1,0,0,3,0,0,0,20,0.111,0.13,0.133,0.264,-28,0.124,-70,6,1,1,3,0,0,1,,campri01
493,Dave Dravecky,28,SDP,NL,-0.1,50,49,41,3,4,2,0,0,3,0,0,3,8,0.098,0.159,0.146,0.305,-13,0.15,-49,6,0,0,5,0,0,1,,draveda01
494,Paul Molitor,27,MIL,AL,-0.1,13,49,46,3,10,1,0,0,6,1,0,2,8,0.217,0.245,0.239,0.484,38,0.227,24,11,0,0,0,1,0,/5DH,,molitpa01
495,Len Barker,28,ATL,NL,-0.2,21,48,38,2,2,1,0,0,1,0,0,6,19,0.053,0.182,0.079,0.261,-26,0.148,-55,3,1,0,4,0,0,1,,barkele01
496,Bill Stein,37,TEX,AL,-0.2,27,48,43,3,12,1,0,0,3,0,0,5,9,0.279,0.354,0.302,0.656,82,0.312,80,13,1,0,0,0,2,H4/D35,,steinbi02
497,Skeeter Barnes,27,CIN,NL,-0.3,32,46,42,5,5,0,0,1,3,0,0,4,6,0.119,0.196,0.19,0.386,8,0.219,10,8,1,0,0,0,1,H5/7,,barnesk01
498,Andy Hawkins,24,SDP,NL,0,36,45,41,2,8,0,0,0,1,0,0,1,14,0.195,0.214,0.195,0.409,16,0.191,-11,8,1,0,3,0,0,1,,hawkian01
499,Steve Kiefer,23,OAK,AL,-0.2,23,45,40,7,7,1,2,0,2,2,1,2,10,0.175,0.209,0.3,0.509,45,0.244,41,12,0,0,2,1,0,6/HD5,,kiefest01
500,Darrell Miller,26,CAL,AL,-0.4,17,45,41,5,7,0,0,0,1,0,0,4,9,0.171,0.244,0.171,0.415,18,0.226,23,7,0,0,0,0,0,3/H7,,milleda01
501,Shane Rawley,28,PHI,NL,-0.2,19,45,43,3,5,0,0,0,1,1,0,1,17,0.116,0.133,0.116,0.25,-30,0.123,-59,5,0,0,0,1,0,1/H,,rawlesh01
502,Dave Stapleton,30,BOS,AL,-0.2,13,43,39,4,9,2,0,0,1,0,0,3,3,0.231,0.286,0.282,0.568,55,0.253,33,11,2,0,1,0,1,3/HD,,staplda01
503,Tom O'Malley*,23,2TM,2LG,-0.7,25,43,41,2,5,0,0,0,3,0,0,2,7,0.122,0.163,0.122,0.285,-19,0.161,-25,5,1,0,0,0,0,H5,,o'malto01
504,Kurt Kepshire*,24,STL,NL,-0.3,17,42,36,0,2,1,0,0,0,0,0,1,23,0.056,0.081,0.083,0.164,-53,0.079,-108,3,0,0,5,0,0,1,,kepshku01
505,Bert Peña,24,HOU,NL,0,24,42,39,3,8,1,0,1,4,0,0,3,8,0.205,0.262,0.308,0.57,66,0.254,49,12,3,0,0,0,1,6/H,,penabe01
506,Dan Schatzeder*,29,MON,NL,0.7,37,42,35,2,11,2,1,0,3,0,0,2,10,0.314,0.351,0.429,0.78,123,0.378,140,15,0,0,5,0,0,1/H,,schatda01
507,Tony Brewer,26,LAD,NL,-0.5,24,41,37,3,4,1,0,1,4,1,0,4,9,0.108,0.195,0.216,0.411,17,0.193,-8,8,1,0,0,0,1,H/79,,breweto02
508,Alejandro Sánchez,25,SFG,NL,-0.5,13,41,41,3,8,0,1,0,2,2,3,0,12,0.195,0.195,0.244,0.439,25,0.173,4,10,0,0,0,0,0,/97H,,sanchal01
509,Roy Johnson*,25,MON,NL,0.1,16,40,33,2,5,2,0,1,2,1,0,7,10,0.152,0.3,0.303,0.603,74,0.32,89,10,0,0,0,0,0,/7H9,,johnsro04
510,John Moses#,26,SEA,AL,0.4,19,39,35,3,12,1,1,0,2,1,0,2,5,0.343,0.395,0.429,0.823,131,0.379,129,15,0,1,1,0,0,8/7HD,,mosesjo01
511,David Palmer,26,MON,NL,0,20,39,33,2,5,1,0,1,3,0,0,0,12,0.152,0.152,0.273,0.424,19,0.189,-20,9,0,0,6,0,0,1,,palmeda01
512,Randy Gomez,27,SFG,NL,-0.4,14,38,30,0,5,1,0,0,0,0,0,8,3,0.167,0.342,0.2,0.542,58,0.281,64,6,2,0,0,0,0,2,,gomezra01
513,Ricky Horton*,24,STL,NL,-0.2,39,38,31,2,2,0,0,0,0,0,0,1,13,0.065,0.094,0.065,0.158,-54,0.109,-92,2,0,0,6,0,0,1/H,,hortori01
514,Mike LaCoss,28,HOU,NL,-0.1,39,38,31,1,4,1,0,0,1,0,0,0,16,0.129,0.125,0.161,0.286,-17,0.127,-69,5,1,0,6,1,0,1,,lacosmi01
515,Jay Tibbs,22,CIN,NL,-0.1,14,38,36,1,5,0,0,0,1,0,0,1,13,0.139,0.162,0.139,0.301,-16,0.143,-47,5,0,0,1,0,0,1,,tibbsja01
516,Scott Earl,23,DET,AL,-0.3,14,37,35,3,4,0,1,0,1,1,0,0,9,0.114,0.114,0.171,0.286,-22,0.184,-18,6,0,0,2,0,0,4/H,,earlsc01
517,Jim Eisenreich*,25,MIN,AL,-0.4,12,36,32,1,7,1,0,0,3,2,0,2,4,0.219,0.25,0.25,0.5,37,0.227,6,8,1,0,0,2,1,/DH89,,eisenji01
518,Pete Falcone*,30,ATL,NL,0.1,35,36,33,2,7,2,0,0,2,0,0,0,14,0.212,0.212,0.273,0.485,32,0.218,1,9,0,0,3,0,0,1,,falcope01
519,Rick Reuschel,35,CHC,NL,0.3,20,36,29,2,7,3,0,0,3,0,0,2,8,0.241,0.281,0.345,0.626,70,0.311,73,10,1,0,4,1,0,1/H,,reuscri01
520,Rick Schu,22,PHI,NL,0.3,17,36,29,12,8,2,1,2,5,0,0,6,6,0.276,0.389,0.621,1.01,178,0.435,171,18,0,0,0,1,0,5/H,,schuri01
521,John Gibbons,22,NYM,NL,-0.3,10,35,31,1,2,0,0,0,1,0,0,3,11,0.065,0.171,0.065,0.236,-31,0.118,-61,2,0,1,0,0,1,/2H,,gibbojo02
522,Alan Knicely,29,CIN,NL,-0.6,10,35,29,0,4,0,0,0,5,0,0,3,6,0.138,0.2,0.138,0.338,-5,0.166,-26,4,1,0,0,3,0,/32H,,kniceal01
523,Don Robinson,27,PIT,NL,0.5,53,35,31,6,9,0,0,1,5,0,0,4,9,0.29,0.371,0.387,0.759,114,0.342,106,12,0,0,0,0,1,1/H7,,robindo01
524,Mike O'Berry,30,NYY,AL,0.3,13,34,32,3,8,2,0,0,5,0,0,2,2,0.25,0.294,0.313,0.607,72,0.278,63,10,0,0,0,0,0,2/5H,,o'bermi01
525,Chuck Rainey,29,CHC,NL,-0.2,17,34,31,2,3,0,0,0,3,0,0,2,12,0.097,0.152,0.097,0.248,-31,0.126,-63,3,0,0,1,0,0,1,,rainech01
526,Eddie Vargas,25,PIT,NL,0,18,34,31,3,7,2,0,0,2,0,0,3,5,0.226,0.294,0.29,0.584,65,0.302,77,9,0,0,0,0,0,3/H,,vargaed01
527,Rene Gonzales,23,MON,NL,0.1,29,33,30,5,7,1,0,0,2,0,0,2,5,0.233,0.303,0.267,0.57,65,0.357,121,8,0,1,0,0,0,6/H,,gonzare01
528,Kevin Gross,23,PHI,NL,-0.3,44,33,30,0,2,0,0,0,0,1,0,1,21,0.067,0.097,0.067,0.163,-53,0.091,-97,2,1,0,2,0,0,1,,grosske01
529,Dan Rohn*,28,CHC,NL,-0.3,25,33,31,1,4,0,0,1,3,0,0,1,6,0.129,0.152,0.226,0.377,2,0.171,-26,7,1,0,0,1,0,H/546,,rohnda01
530,John Castino,29,MIN,AL,0.5,8,32,27,5,12,1,0,0,3,0,0,5,2,0.444,0.531,0.481,1.013,179,0.447,181,13,2,0,0,0,2,/5,,castijo01
531,Rob Deer,23,SFG,NL,0.3,13,32,24,5,4,0,0,3,3,1,1,7,10,0.167,0.375,0.542,0.917,159,0.404,159,13,0,1,0,0,0,/7H,,deerro01
532,Nelson Simmons#,21,DET,AL,0.3,9,32,30,4,13,2,0,0,3,1,0,2,5,0.433,0.469,0.5,0.969,170,0.436,169,15,2,0,0,0,1,/9D7H,,simmone01
533,Rod Allen,24,DET,AL,0.1,15,31,27,6,8,1,0,0,3,1,0,2,8,0.296,0.367,0.333,0.7,97,0.367,118,9,0,1,1,0,0,D/H7,,allenro02
534,Sid Fernandez*,21,NYM,NL,0,15,31,28,0,5,0,0,0,1,0,0,0,9,0.179,0.179,0.179,0.357,1,0.163,-36,5,0,0,3,0,0,1,,fernasi01
535,Mike Hart*,26,MIN,AL,-0.2,13,31,29,0,5,0,0,0,5,0,1,1,2,0.172,0.194,0.172,0.366,1,0.183,-1,5,0,0,0,1,0,/7H9,,hartmi02
536,Frank Pastore,26,CIN,NL,-0.2,24,31,28,2,2,0,0,0,1,0,0,1,11,0.071,0.103,0.071,0.175,-51,0.12,-71,2,0,0,2,0,0,1,,pastofr01
537,Ed Lynch,28,NYM,NL,0.1,40,30,27,0,6,1,0,0,1,0,0,0,9,0.222,0.222,0.259,0.481,36,0.218,7,7,1,0,3,0,0,1,,lynched01
538,Paul Householder#,25,2TM,NL,-0.4,27,30,26,4,3,1,0,0,0,1,1,3,6,0.115,0.207,0.154,0.361,3,0.188,-8,4,1,0,0,0,1,H9/78,,housepa02
539,Wallace Johnson#,27,MON,NL,-0.1,17,29,24,3,5,0,0,0,4,0,0,5,4,0.208,0.345,0.208,0.553,62,0.28,65,5,0,0,0,0,0,H/3,,johnswa03
540,Bill Nahorodny,30,SEA,AL,-0.1,12,29,25,2,6,0,0,1,3,0,1,1,7,0.24,0.31,0.36,0.67,87,0.287,80,9,0,2,0,1,0,2/H3,,nahorbi01
541,Jerry Reuss*,35,LAD,NL,0.1,30,29,24,2,4,1,0,0,2,0,0,3,9,0.167,0.259,0.208,0.468,35,0.229,20,5,1,0,2,0,0,1,,reussje01
542,Jack Fimple,25,LAD,NL,-0.1,12,28,26,2,5,1,0,0,3,0,0,1,6,0.192,0.214,0.231,0.445,27,0.236,31,6,3,0,0,1,0,2,,fimplja01
543,Dave Valle,23,SEA,AL,0.2,13,28,27,4,8,1,0,1,4,0,0,1,5,0.296,0.321,0.444,0.766,112,0.34,105,12,0,0,0,0,0,2,,valleda01
544,Herm Winningham*,22,NYM,NL,0.1,14,28,27,5,11,1,1,0,5,2,1,1,7,0.407,0.429,0.519,0.947,167,0.427,168,14,0,0,0,0,0,/8H79,,winnihe01
545,Paul Zuvella,25,ATL,NL,-0.1,11,27,25,2,5,1,0,0,1,0,0,2,3,0.2,0.259,0.24,0.499,38,0.237,22,6,0,0,0,0,0,/46H,,zuvelpa01
546,Iván Calderón,22,SEA,AL,0,11,26,24,2,5,1,0,1,1,1,0,2,5,0.208,0.269,0.375,0.644,78,0.335,95,9,3,0,0,0,0,/879,,caldeiv01
547,Neil Allen,26,STL,NL,0.2,57,25,25,0,6,0,1,0,4,0,0,0,8,0.24,0.24,0.32,0.56,58,0.25,41,8,0,0,0,0,0,1,,allenne01
548,Rich Gossage,32,SDP,NL,0,62,25,22,0,4,0,0,0,0,0,0,1,8,0.182,0.217,0.182,0.399,14,0.19,-14,4,0,0,2,0,0,1,ASCYA-5MVP-13,gossari01
549,Mike Richardt,26,2TM,2LG,-0.3,22,25,24,1,5,1,0,0,2,0,1,1,2,0.208,0.24,0.25,0.49,40,0.207,25,6,0,0,0,0,0,H/4,,richami01
550,Francisco Meléndez*,20,PHI,NL,-0.2,21,24,23,0,3,0,0,0,2,0,0,1,5,0.13,0.167,0.13,0.297,-16,0.183,-12,3,1,0,0,0,0,H3,,melenfr01
551,Jeff Reed*,21,MIN,AL,-0.3,18,24,21,3,3,3,0,0,1,0,0,2,6,0.143,0.217,0.286,0.503,36,0.27,47,6,0,0,1,0,0,2,,reedje02
552,Danny Tartabull,21,SEA,AL,0.4,10,24,20,3,6,1,0,2,7,0,0,2,3,0.3,0.375,0.65,1.025,181,0.431,170,13,0,1,0,1,0,/6H4,,tartada01
553,Jim Traber*,22,BAL,AL,-0.2,10,24,21,3,5,0,0,0,2,0,0,2,4,0.238,0.292,0.238,0.53,51,0.249,42,5,1,0,0,1,0,/DH,,trabeji01
554,Tom Hume,31,CIN,NL,-0.1,54,23,22,1,3,0,0,0,1,0,0,1,8,0.136,0.174,0.136,0.31,-13,0.15,-38,3,1,0,0,0,0,1,,humeto01
555,Greg Minton#,32,SFG,NL,-0.2,74,23,21,0,1,0,0,0,0,0,0,1,7,0.048,0.091,0.048,0.139,-59,0.074,-95,1,1,0,1,0,0,1,,mintogr01
556,Jeff Moronko,24,CLE,AL,-0.2,7,23,19,1,3,1,0,0,3,0,0,3,5,0.158,0.273,0.211,0.483,35,0.281,57,4,0,0,1,0,0,/5HD,,moronje01
557,Joe Pittman,31,SFG,NL,-0.3,17,23,22,2,5,0,0,0,2,1,1,0,6,0.227,0.217,0.227,0.445,27,0.189,5,5,1,0,0,1,0,/6H45,,pittmjo01
558,Mitch Webster#,25,TOR,AL,-0.1,26,23,22,9,5,2,1,0,4,0,0,1,7,0.227,0.261,0.409,0.67,80,0.292,65,9,1,0,0,0,0,H/D873,,webstmi01
559,Rafael Belliard,22,PIT,NL,-0.3,20,22,22,3,5,0,0,0,0,4,1,0,1,0.227,0.227,0.227,0.455,29,0.276,40,5,0,0,0,0,0,6/H4,,bellira01
560,Scott Bradley*,24,NYY,AL,0,9,22,21,3,6,1,0,0,2,0,0,1,1,0.286,0.318,0.333,0.652,84,0.297,77,7,0,0,0,0,0,/72H,,bradlsc01
561,Marty Bystrom,25,PHI,NL,0.1,11,22,19,1,3,1,0,0,0,0,0,0,7,0.158,0.158,0.211,0.368,2,0.215,-3,4,0,0,3,0,0,1,,bystrma01
562,Dan Meyer*,31,OAK,AL,0.1,20,22,22,1,7,3,1,0,4,0,0,0,2,0.318,0.318,0.545,0.864,143,0.372,135,12,2,0,0,0,0,H/3D,,meyerda01
563,Ron Roenicke#,27,SDP,NL,0.3,12,22,20,4,6,1,0,1,2,0,0,2,5,0.3,0.364,0.5,0.864,141,0.419,164,10,0,0,0,0,1,/7H89,,roeniro01
564,Mark Salas*,23,STL,NL,-0.3,14,21,20,1,2,1,0,0,1,0,0,0,3,0.1,0.1,0.15,0.25,-30,0.111,-68,3,0,0,1,0,0,/H279,,salasma01
565,Razor Shines#,27,MON,NL,-0.1,12,21,20,0,6,1,0,0,2,0,0,0,3,0.3,0.286,0.35,0.636,82,0.28,65,7,0,0,0,1,0,/H35,,shinera01
566,John Stearns,32,NYM,NL,-0.1,8,21,17,6,3,1,0,0,1,1,0,4,2,0.176,0.333,0.235,0.569,64,0.298,65,4,0,0,0,0,0,/2H3,,stearjo01
567,Frank Williams,26,SFG,NL,0.3,61,21,18,1,4,0,0,0,1,0,0,3,7,0.222,0.333,0.222,0.556,62,0.32,93,4,0,0,0,0,0,1,,willifr01
568,Rich Bordi,25,CHC,NL,-0.2,31,20,19,0,1,0,0,0,0,0,0,1,7,0.053,0.1,0.053,0.153,-57,0.081,-91,1,1,0,0,0,0,1,,bordiri01
569,Mark Grant,20,SFG,NL,-0.2,11,20,17,0,0,0,0,0,0,0,0,0,10,0,0.056,0,0.056,-83,0.041,-132,0,0,1,2,0,0,1,,grantma01
570,José Morales,39,LAD,NL,-0.2,22,20,19,0,3,0,0,0,0,0,0,1,2,0.158,0.2,0.158,0.358,3,0.145,-43,3,0,0,0,0,1,H,,moraljo01
571,John Stuper,27,STL,NL,-0.1,15,20,16,0,1,0,0,0,1,0,0,1,8,0.063,0.118,0.063,0.18,-47,0.096,-102,1,0,0,3,0,0,1,,stupejo01
572,José Uribe#,25,STL,NL,-0.2,8,20,19,4,4,0,0,0,3,1,0,0,2,0.211,0.211,0.211,0.421,20,0.207,-6,4,1,0,1,0,0,/6H4,,uribejo01
573,Steve Bedrosian,26,ATL,NL,-0.1,40,18,17,0,2,0,0,0,0,0,0,0,9,0.118,0.118,0.118,0.235,-35,0.108,-81,2,0,0,1,0,0,1,,bedrost01
574,Craig Lefferts*,26,SDP,NL,0.2,62,18,17,1,5,1,0,0,0,0,0,0,6,0.294,0.294,0.353,0.647,82,0.293,68,6,0,0,1,0,0,1,,leffecr01
575,Randy Lerch*,29,SFG,NL,0.2,37,18,15,2,2,0,0,0,1,0,0,3,5,0.133,0.278,0.133,0.411,21,0.272,58,2,0,0,0,0,0,1,,lerchra01
576,Dickie Thon,26,HOU,NL,0.1,5,18,17,3,6,0,1,0,1,0,1,0,4,0.353,0.389,0.471,0.859,150,0.36,148,8,1,1,0,0,0,/6,,thondi01
577,Orlando Sánchez*,27,2TM,AL,-0.1,14,18,18,0,3,1,0,0,3,0,0,0,4,0.167,0.167,0.222,0.389,8,0.224,22,4,1,0,0,0,0,H/2,,sanchor01
578,Bob Forsch,34,STL,NL,0.1,16,17,16,1,4,1,0,0,3,0,0,0,3,0.25,0.25,0.313,0.563,59,0.254,40,5,1,0,1,0,0,1,,forscbo01
579,Burt Hooton,34,LAD,NL,-0.2,54,17,14,0,1,0,0,0,1,0,0,0,3,0.071,0.071,0.071,0.143,-59,0.065,-134,1,0,0,3,0,0,1,,hootobu01
580,Ricky Nelson*,25,SEA,AL,0,9,17,15,2,3,0,0,1,2,0,0,2,4,0.2,0.294,0.4,0.694,92,0.313,86,6,0,0,0,0,0,/HD9,,nelsori01
581,Victor Rodríguez,22,BAL,AL,0.1,11,17,17,4,7,3,0,0,2,0,0,0,2,0.412,0.412,0.588,1,178,0.44,178,10,0,0,0,0,0,/4HD,,rodrivi01
582,Larry Sheets*,24,BAL,AL,0.4,8,17,16,3,7,1,0,1,2,0,0,1,3,0.438,0.471,0.688,1.158,221,0.507,225,11,0,0,0,0,0,/9H,,sheetla01
583,Tim Tolman,28,HOU,NL,-0.1,14,17,17,2,3,1,0,0,0,0,0,0,3,0.176,0.176,0.235,0.412,19,0.185,0,4,0,0,0,0,0,H/937,,tolmati01
584,Mike Vail,32,LAD,NL,-0.3,16,17,16,1,1,0,0,0,2,0,0,1,7,0.063,0.118,0.063,0.18,-47,0.096,-71,1,0,0,0,0,0,H/7,,vailmi01
585,Kelly Gruber,22,TOR,AL,-0.1,15,16,16,1,1,0,0,1,2,0,0,0,5,0.063,0.063,0.25,0.313,-19,0.13,-49,4,1,0,0,0,0,5/H96,,grubeke01
586,Bob Owchinko*,29,CIN,NL,0.1,49,16,12,2,2,1,0,0,0,0,0,3,5,0.167,0.333,0.25,0.583,64,0.291,62,3,2,0,1,0,0,1,,owchibo01
587,Gene Garber,36,ATL,NL,-0.1,62,15,14,1,2,0,0,0,0,0,0,0,5,0.143,0.143,0.143,0.286,-21,0.131,-65,2,1,0,1,0,0,1,,garbege01
588,Mitchell Page*,32,PIT,NL,0.2,16,15,12,2,4,1,0,0,0,0,0,3,4,0.333,0.467,0.417,0.883,151,0.413,157,5,0,0,0,0,0,H,,pagemi02
589,Lee Tunnell,23,PIT,NL,-0.1,26,15,12,0,1,0,0,0,0,0,0,0,6,0.083,0.083,0.083,0.167,-53,0.076,-134,1,0,0,3,0,0,1,,tunnele01
590,Tucker Ashford,29,KCR,AL,-0.3,9,14,13,1,2,1,0,0,0,0,0,1,2,0.154,0.214,0.231,0.445,24,0.274,56,3,1,0,0,0,0,/5,,ashfotu01
591,Bob James,25,MON,NL,-0.1,62,14,14,0,2,0,0,0,1,0,0,0,11,0.143,0.143,0.143,0.286,-18,0.131,-44,2,0,0,0,0,0,1,,jamesbo01
592,Eddie Miller#,27,SDP,NL,0.1,13,14,14,4,4,0,1,1,2,4,0,0,4,0.286,0.286,0.643,0.929,155,0.482,153,9,0,0,0,0,0,/H89,,milleed04
593,Kevin Mitchell,22,NYM,NL,-0.2,7,14,14,0,3,0,0,0,1,0,1,0,3,0.214,0.214,0.214,0.429,22,0.16,1,3,0,0,0,0,0,/5H,,mitchke01
594,Vern Ruhle,33,HOU,NL,0,40,14,12,0,1,0,0,0,0,0,0,2,7,0.083,0.214,0.083,0.298,-10,0.167,-13,1,0,0,0,0,0,1,,ruhleve01
595,Doug Sisk,26,NYM,NL,-0.1,50,14,11,0,1,0,0,0,0,0,0,1,6,0.091,0.167,0.091,0.258,-25,0.136,-67,1,1,0,2,0,0,1,,siskdo01
596,Lee Smith,26,CHC,NL,-0.1,69,14,13,0,1,0,0,0,1,0,0,0,8,0.077,0.077,0.077,0.154,-58,0.07,-115,1,0,0,1,0,0,1,,smithle02
597,John Christensen,23,NYM,NL,-0.2,5,13,11,2,3,2,0,0,3,0,1,1,2,0.273,0.308,0.455,0.762,113,0.288,96,5,0,0,0,1,0,/79H,,chrisjo02
598,Atlee Hammaker#,26,SFG,NL,0.1,6,13,11,1,2,0,0,0,1,0,0,2,3,0.182,0.308,0.182,0.49,43,0.25,41,2,0,0,0,0,0,/1,,hammaat01
599,Ross Jones,24,NYM,NL,-0.1,17,13,10,2,1,1,0,0,1,0,0,3,4,0.1,0.308,0.2,0.508,47,0.265,50,2,0,0,0,0,0,H/645,,jonesro01
600,Tim Leary,25,NYM,NL,0.3,20,13,10,2,3,0,0,1,1,1,0,0,2,0.3,0.3,0.6,0.9,149,0.428,164,6,0,0,3,0,0,1,,learyti01
601,Lemmie Miller,24,LAD,NL,-0.1,8,13,12,1,2,0,0,0,0,0,0,1,2,0.167,0.231,0.167,0.397,15,0.196,1,2,0,0,0,0,0,/H79,,millele01
602,Andy McGaffigan,27,2TM,NL,-0.2,30,13,10,0,0,0,0,0,0,0,0,0,7,0,0,0,0,-100,0,-214,0,0,0,3,0,0,1,,mcgafan01
603,Joe Hesketh*,25,MON,NL,0.1,11,12,10,1,1,0,0,0,1,0,0,2,4,0.1,0.25,0.1,0.35,4,0.195,2,1,1,0,0,0,0,1,,heskejo01
604,Mike Laga*,24,DET,AL,0.2,9,12,11,1,6,0,0,0,1,0,0,1,2,0.545,0.583,0.545,1.129,217,0.514,228,6,0,0,0,0,0,/3DH,,lagami01
605,Junior Noboa,19,CLE,AL,0,23,12,11,3,4,0,0,0,0,1,0,0,2,0.364,0.364,0.364,0.727,101,0.353,94,4,1,0,1,0,0,4/HD,,noboaju01
606,Harold Reynolds#,23,SEA,AL,0.1,10,12,10,3,3,0,0,0,0,1,1,0,1,0.3,0.364,0.3,0.664,88,0.292,86,3,0,1,1,0,0,/4HD,,reynoha01
607,Tim Stoddard,31,CHC,NL,-0.1,58,12,11,0,1,0,0,0,0,0,0,0,5,0.091,0.091,0.091,0.182,-50,0.083,-106,1,0,0,1,0,0,1,,stoddti01
608,Tom Wieghaus,27,HOU,NL,-0.3,6,12,10,0,0,0,0,0,1,0,0,1,3,0,0.083,0,0.083,-74,0.059,-91,0,1,0,0,1,0,/2H,,wieghto01
609,Steve Christmas*,26,CHW,AL,0.2,12,11,11,1,4,1,0,1,4,0,0,0,2,0.364,0.364,0.727,1.091,188,0.471,192,8,0,0,0,0,0,H/2,,chrisst01
610,Bill Dawley,26,HOU,NL,0.2,60,11,9,2,3,0,1,0,3,0,0,0,3,0.333,0.333,0.556,0.889,156,0.389,159,5,0,0,2,0,0,1,,dawlebi01
611,Dickie Noles,27,CHC,NL,0,21,11,10,0,0,0,0,0,0,0,0,1,6,0,0.091,0,0.091,-73,0.15,-41,0,0,0,0,0,0,1,,nolesdi01
612,George Riley*,27,SFG,NL,-0.1,5,11,10,1,1,0,0,0,0,0,0,0,5,0.1,0.1,0.1,0.2,-43,0.092,-91,1,1,0,1,0,0,/1,,rileyge01
613,Mike Torrez,37,NYM,NL,0.1,9,11,10,0,3,0,0,0,1,0,0,1,1,0.3,0.364,0.3,0.664,90,0.314,86,3,1,0,0,0,0,/1,,torremi01
614,Billy Beane,22,NYM,NL,-0.4,5,10,10,0,1,0,0,0,0,0,1,0,2,0.1,0.1,0.1,0.2,-43,0.041,-75,1,0,0,0,0,0,/79H8,,beanebi01
615,Bucky Dent,32,KCR,AL,0,11,10,9,2,3,0,0,0,1,0,0,1,2,0.333,0.4,0.333,0.733,106,0.344,106,3,0,0,0,0,0,/65H,,dentbu01
616,Frank DiPino*,27,HOU,NL,-0.1,57,10,10,0,0,0,0,0,0,0,0,0,5,0,0,0,0,-100,0,-135,0,0,0,0,0,0,1/H,,dipinfr01
617,Scott Garrelts,22,SFG,NL,0,21,10,10,0,1,0,0,0,0,0,0,0,3,0.1,0.1,0.1,0.2,-43,0.092,-73,1,0,0,0,0,0,1,,garresc01
618,Doug Gwosdz,24,SDP,NL,-0.1,7,10,8,0,2,0,0,0,1,0,0,2,5,0.25,0.4,0.25,0.65,87,0.325,93,2,0,0,0,0,0,/2H,,gwosddo01
619,Billy Hatcher,23,CHC,NL,-0.2,8,10,9,1,1,0,0,0,0,2,0,1,0,0.111,0.2,0.111,0.311,-13,0.161,-95,1,0,0,0,0,1,/H7,,hatchbi01
620,Gary Rajsich*,29,STL,NL,-0.1,7,10,7,1,1,0,0,0,2,0,0,2,1,0.143,0.3,0.143,0.443,30,0.234,29,1,0,0,0,1,0,/H3,,rajsiga01
621,Bruce Sutter,31,STL,NL,-0.2,71,10,10,0,0,0,0,0,0,0,0,0,3,0,0,0,0,-100,0,-141,0,0,0,0,0,0,1,ASCYA-3MVP-6,suttebr01
622,Tony Brizzolara,27,ATL,NL,-0.2,10,9,7,0,0,0,0,0,0,0,0,0,2,0,0,0,0,-100,0,-221,0,0,0,2,0,0,1,,brizzto01
623,Kevin Buckley,25,TEX,AL,0.1,5,9,7,1,2,1,0,0,0,0,0,2,4,0.286,0.444,0.429,0.873,141,0.505,218,3,0,0,0,0,0,/DH,,bucklke01
624,Rex Hudler,23,NYY,AL,0,9,9,7,2,1,1,0,0,0,0,0,1,5,0.143,0.333,0.286,0.619,77,0.305,82,2,0,1,0,0,0,/4H,,hudlere01
625,Mike LaValliere*,23,PHI,NL,0.1,6,9,7,0,0,0,0,0,0,0,0,2,2,0,0.222,0,0.222,-33,0.262,46,0,0,0,0,0,0,/2,,lavalmi01
626,Fred Manrique,22,TOR,AL,-0.1,10,9,9,0,3,0,0,0,1,0,0,0,1,0.333,0.333,0.333,0.667,83,0.303,74,3,1,0,0,0,0,/4DH,,manrifr01
627,Jeff Reardon,28,MON,NL,-0.1,68,9,9,0,0,0,0,0,0,0,0,0,7,0,0,0,0,-100,0,-138,0,0,0,0,0,0,1,,reardje01
628,Ron Robinson,22,CIN,NL,-0.1,12,9,8,0,0,0,0,0,0,0,0,0,5,0,0,0,0,-100,0,-178,0,0,0,1,0,0,1,,robinro01
629,Zane Smith*,23,ATL,NL,0.3,3,9,9,1,5,0,0,0,0,0,0,0,1,0.556,0.556,0.556,1.111,206,0.613,295,5,0,0,0,0,0,/1,,smithza01
630,Greg Harris#,28,2TM,NL,0.1,34,9,9,3,3,1,0,0,0,0,0,0,2,0.333,0.333,0.444,0.778,118,0.349,111,4,0,0,0,0,0,1,,harrigr01
631,Warren Brusstar,32,CHC,NL,0.1,41,8,5,1,1,0,0,0,1,0,0,2,1,0.2,0.429,0.2,0.629,77,0.334,90,1,0,0,1,0,0,1,,brusswa01
632,Mark Calvert,27,SFG,NL,-0.1,10,8,8,0,0,0,0,0,0,0,0,0,5,0,0,0,0,-100,0,-141,0,0,0,0,0,0,1,,calvema01
633,Tim Hulett,24,CHW,AL,0,8,8,7,1,0,0,0,0,0,1,0,1,4,0,0.125,0,0.125,-62,0.121,-80,0,0,0,0,0,0,/54H,,huletti01
634,Jesse Orosco,27,NYM,NL,0.3,60,8,4,1,1,0,0,0,1,0,0,3,2,0.25,0.571,0.25,0.821,140,0.569,296,1,0,0,1,0,0,1,AS,oroscje01
635,Kevin Rhomberg,28,CLE,AL,0,13,8,8,0,2,0,0,0,0,0,0,0,3,0.25,0.25,0.25,0.5,38,0.227,21,2,0,0,0,0,0,/7H34D,,rhombke01
636,Renie Martin,28,2TM,NL,0.1,21,8,8,0,3,0,0,0,0,0,0,0,2,0.375,0.375,0.375,0.75,114,0.343,108,3,0,0,0,0,0,1,,martire01
637,Greg Booker,24,SDP,NL,0.1,32,7,7,1,2,1,0,0,0,0,0,0,2,0.286,0.286,0.429,0.714,99,0.318,88,3,0,0,0,0,0,1,,bookegr01
638,Tom Browning*,24,CIN,NL,0,3,7,7,0,1,0,0,0,0,0,0,0,3,0.143,0.143,0.143,0.286,-20,0.131,-52,1,0,0,0,0,0,/1,,brownto05
639,Jeff Dedmon*,24,ATL,NL,-0.1,54,7,6,0,0,0,0,0,0,0,0,0,1,0,0,0,0,-100,0,-189,0,0,0,1,0,0,1,,dedmoje01
640,George Frazier,29,CHC,NL,0,37,7,7,0,2,0,0,0,0,0,1,0,1,0.286,0.286,0.286,0.571,57,0.189,40,2,0,0,0,0,0,1,,frazige01
641,Stan Javier#,20,NYY,AL,-0.1,7,7,7,1,1,0,0,0,0,0,0,0,1,0.143,0.143,0.143,0.286,-19,0.13,-42,1,0,0,0,0,0,/89H,,javiest01
642,Jeff Lahti,27,STL,NL,0,63,7,6,0,1,0,0,0,0,0,0,0,2,0.167,0.167,0.167,0.333,-5,0.153,-51,1,0,0,1,0,0,1,,lahtije01
643,Mike Madden*,27,HOU,NL,0.1,17,7,6,1,2,0,0,0,0,0,0,1,3,0.333,0.429,0.333,0.762,125,0.363,130,2,0,0,0,0,0,1,,maddemi01
644,Ted Power,29,CIN,NL,0.1,78,7,5,2,0,0,0,0,0,0,0,1,4,0,0.167,0,0.167,-50,0.274,44,0,0,0,1,0,0,1,,powerte01
645,Charlie Puleo,29,CIN,NL,0.1,5,7,5,1,1,1,0,0,2,0,0,0,2,0.2,0.2,0.4,0.6,63,0.262,21,2,0,0,2,0,0,/1,,puleoch01
646,Wade Rowdon,23,CIN,NL,0.1,4,7,7,0,2,0,0,0,0,0,0,0,1,0.286,0.286,0.286,0.571,59,0.262,44,2,0,0,0,0,0,/H56,,rowdowa01
647,Dave Rucker*,26,STL,NL,0,50,7,7,0,1,0,0,0,0,0,0,0,3,0.143,0.143,0.143,0.286,-18,0.131,-45,1,0,0,0,0,0,1,,ruckeda01
648,Marc Sullivan,25,BOS,AL,0.1,2,7,6,1,3,0,0,0,1,0,0,1,0,0.5,0.571,0.5,1.071,195,0.492,206,3,0,0,0,0,0,/2,,sullima02
649,Kent Tekulve,37,PIT,NL,-0.1,72,7,7,0,0,0,0,0,0,0,0,0,4,0,0,0,0,-100,0,-142,0,0,0,0,0,0,1,,tekulke01
650,Brent Gaff,25,NYM,NL,-0.1,47,6,6,0,0,0,0,0,0,0,0,0,2,0,0,0,0,-100,0,-140,0,0,0,0,0,0,1,,gaffbr01
651,Ken Howell,23,LAD,NL,-0.1,32,6,5,0,0,0,0,0,0,0,0,0,3,0,0,0,0,-100,0,-190,0,0,0,1,0,0,1,,howelke01
652,Bob Lacey,30,SFG,NL,0.1,34,6,6,1,2,0,0,0,1,0,0,0,2,0.333,0.333,0.333,0.667,91,0.305,83,2,0,0,0,0,0,1,,laceybo01
653,Gary Lavelle#,35,SFG,NL,0,77,6,5,0,0,0,0,0,0,0,0,1,4,0,0.167,0,0.167,-49,0.118,-52,0,0,0,0,0,0,1,,lavelga01
654,Dave Leeper*,24,KCR,AL,-0.3,4,6,6,1,0,0,0,0,0,0,0,0,1,0,0,0,0,-100,0,-137,0,0,0,0,0,0,/7HD,,leepeda01
655,Rick Ownbey,26,STL,NL,-0.1,5,6,4,1,0,0,0,0,0,0,0,0,2,0,0,0,0,-100,0,-260,0,0,0,2,0,0,/1H,,ownberi01
656,Dave Smith,29,HOU,NL,0,53,6,4,1,0,0,0,0,0,0,0,1,2,0,0.2,0,0.2,-37,0.142,-58,0,0,0,1,0,0,1,,smithda02
657,Pat Zachry,32,LAD,NL,0,58,6,6,0,2,0,0,0,0,0,0,0,1,0.333,0.333,0.333,0.667,90,0.305,81,2,1,0,0,0,0,1,,zachrpa01
658,Rick Burleson,33,CAL,AL,-0.1,7,5,4,2,0,0,0,0,0,0,0,0,2,0,0,0,0,-100,0,-198,0,0,0,1,0,0,/H,,burleri01
659,Luis DeLeón,25,SDP,NL,-0.1,32,5,4,0,0,0,0,0,0,0,0,0,3,0,0,0,0,-100,0,-200,0,0,0,1,0,0,1,,deleolu01
660,Mike Fuentes,26,MON,NL,0.1,3,5,4,0,1,0,0,0,0,0,0,1,2,0.25,0.4,0.25,0.65,90,0.325,98,1,0,0,0,0,0,/H7,,fuentmi02
661,Rick Grapenthin,26,MON,NL,0,13,5,5,1,1,0,0,0,0,0,0,0,1,0.2,0.2,0.2,0.4,15,0.183,-6,1,0,0,0,0,0,1,,graperi01
662,Cecilio Guante,24,PIT,NL,-0.1,27,5,4,0,0,0,0,0,0,0,0,0,3,0,0,0,0,-100,0,-200,0,0,0,1,0,0,1,,guantce01
663,Al Holland,31,PHI,NL,-0.1,68,5,5,0,0,0,0,0,0,0,0,0,4,0,0,0,0,-100,0,-146,0,0,0,0,0,0,1,AS,hollaal01
664,Ron Johnson,28,MON,NL,-0.1,5,5,5,0,1,0,0,0,1,0,0,0,2,0.2,0.2,0.2,0.4,15,0.183,-6,1,0,0,0,0,0,/3H9,,johnsro03
665,Luis Pujols,28,KCR,AL,0,4,5,5,0,1,0,0,0,1,0,0,0,0,0.2,0.2,0.2,0.4,12,0.182,-11,1,0,0,0,0,0,/2H,,pujollu01
666,Gil Reyes,20,LAD,NL,-0.1,4,5,5,0,0,0,0,0,0,0,0,0,3,0,0,0,0,-100,0,-140,0,0,0,0,0,0,/2H,,reyesgi01
667,Keith Smith#,22,NYY,AL,0,2,5,4,0,0,0,0,0,0,0,0,0,2,0,0.2,0,0.2,-38,0.149,-29,0,0,1,0,0,0,/6,,smithke03
668,Ken Dayley*,25,2TM,NL,0.1,8,5,4,1,2,0,0,0,0,0,0,0,2,0.5,0.5,0.5,1,175,0.458,183,2,0,0,1,0,0,/1H,,dayleke01
669,Larry Andersen,31,PHI,NL,0,64,4,4,0,0,0,0,0,0,0,0,0,3,0,0,0,0,-100,0,-143,0,0,0,0,0,0,1,,anderla02
670,Sal Butera,31,MON,NL,0,3,4,3,0,0,0,0,0,0,0,0,1,0,0,0.25,0,0.25,-23,0.178,-10,0,0,0,0,0,0,/2H,,butersa01
671,Keefe Cato,26,CIN,NL,0.1,8,4,4,1,2,0,0,0,1,0,0,0,0,0.5,0.5,0.5,1,178,0.458,186,2,0,0,0,0,0,/1,,catoke01
672,Ralph Citarella,26,STL,NL,0,10,4,4,1,1,0,0,0,1,0,0,0,2,0.25,0.25,0.25,0.5,43,0.229,26,1,0,0,0,0,0,1,,citarra01
673,Jeff Cornell#,27,SFG,NL,-0.1,23,4,4,0,0,0,0,0,0,0,0,0,3,0,0,0,0,-100,0,-138,0,0,0,0,0,0,1,,corneje01
674,John Franco*,23,CIN,NL,0,54,4,3,0,0,0,0,0,0,0,0,0,2,0,0,0,0,-100,0,-232,0,0,0,1,0,0,1,,francjo01
675,Gary Lucas*,29,MON,NL,-0.1,55,4,4,0,0,0,0,0,0,0,0,0,2,0,0,0,0,-100,0,-136,0,0,0,0,0,0,1,,lucasga01
676,Tom Niedenfuer,24,LAD,NL,-0.1,33,4,3,0,0,0,0,0,0,0,0,0,3,0,0,0,0,-100,0,-223,0,0,0,1,0,0,1,,niedeto01
677,Biff Pocoroba#,30,ATL,NL,0,4,4,2,1,0,0,0,0,0,0,0,2,0,0,0.5,0,0.5,48,0.355,110,0,0,0,0,0,0,/H,,pocorbi01
678,Bill Scherrer*,26,CIN,NL,-0.1,36,4,3,0,0,0,0,0,0,0,0,0,2,0,0,0,0,-100,0,-232,0,0,0,1,0,0,1,,scherbi01
679,Ron Shepherd,23,TOR,AL,-0.2,12,4,4,0,0,0,0,0,0,0,1,0,3,0,0,0,0,-100,-0.128,-144,0,0,0,0,0,0,/H7D,,shephro01
680,Matt Sinatro,24,ATL,NL,-0.1,2,4,4,0,0,0,0,0,0,0,0,0,0,0,0,0,0,-100,0,-148,0,0,0,0,0,0,/2H,,sinatma01
681,Jamie Quirk*,29,2TM,AL,0.1,4,4,3,1,1,0,0,1,2,0,0,0,2,0.333,0.25,1.333,1.583,305,0.52,229,4,0,0,0,1,0,/H25,,quirkja01
682,Floyd Chiffer,28,SDP,NL,-0.1,15,3,3,0,0,0,0,0,0,0,0,0,1,0,0,0,0,-100,0,-145,0,0,0,0,0,0,1,,chifffl01
683,Terry Forster*,32,ATL,NL,0.1,25,3,3,1,2,0,0,0,1,0,0,0,1,0.667,0.667,0.667,1.333,267,0.61,297,2,0,0,0,0,0,1,,forstte01
684,Tom Gorman*,26,NYM,NL,0,36,3,3,0,0,0,0,0,0,0,0,0,1,0,0,0,0,-100,0,-145,0,0,0,0,0,0,1,,gormato03
685,Tug McGraw,39,PHI,NL,0.1,25,3,3,0,1,0,0,0,0,0,0,0,0,0.333,0.333,0.333,0.667,87,0.617,306,1,0,0,0,0,0,1,,mcgratu01
686,Donnie Moore*,30,ATL,NL,-0.1,47,3,3,0,0,0,0,0,0,0,0,0,1,0,0,0,0,-100,0,-152,0,0,0,0,0,0,1,,mooredo01
687,Geno Petralli*,24,TOR,AL,-0.1,3,3,3,0,0,0,0,0,0,0,0,0,0,0,0,0,0,-100,0,-141,0,0,0,0,0,0,/H2D,,petrage01
688,Calvin Schiraldi,22,NYM,NL,0,5,3,3,0,0,0,0,0,0,0,0,0,0,0,0,0,0,-100,0.312,84,0,0,0,0,0,0,/1,,schirca01
689,Julio Solano,24,HOU,NL,0,31,3,3,1,1,0,0,0,0,0,0,0,2,0.333,0.333,0.333,0.667,95,0.305,87,1,0,0,0,0,0,1,,solanju01
690,Bob Walk,27,PIT,NL,-0.1,2,3,3,0,0,0,0,0,0,0,0,0,2,0,0,0,0,-100,0,-145,0,0,0,0,0,0,/1,,walkbo01
691,Chico Walker#,26,BOS,AL,0,3,3,2,0,0,0,0,0,1,0,0,0,1,0,0,0,0,-100,0,-141,0,0,0,0,1,0,/H4,,walkech01
692,Porfi Altamirano,32,CHC,NL,0,5,2,2,0,0,0,0,0,0,0,0,0,0,0,0,0,0,-100,0,-148,0,0,0,0,0,0,/1,,altampo01
693,Carlos Diaz,26,LAD,NL,0,37,2,1,0,0,0,0,0,0,0,0,0,1,0,0,0,0,-100,0,-400,0,0,0,1,0,0,1,,diazca01
694,Toby Hernández,25,TOR,AL,0,3,2,2,1,1,0,0,0,0,0,0,0,0,0.5,0.5,0.5,1,174,0.454,178,1,0,0,0,0,0,/2H,,hernato01
695,Brad Lesley,25,CIN,NL,0.1,16,2,2,0,1,0,0,0,1,0,0,0,0,0.5,0.5,0.5,1,178,0.458,186,1,0,0,0,0,0,1,,leslebr01
696,Reggie Patterson,25,CHC,NL,0,3,2,2,0,0,0,0,0,0,0,0,0,0,0,0,0,0,-100,0,-148,0,0,0,0,0,0,/1,,pattere01
697,Joe Sambito*,32,HOU,NL,0,32,2,2,0,0,0,0,0,0,0,0,0,0,0,0,0,0,-100,0,-133,0,0,0,0,0,0,1,,sambijo01
698,Jim Scranton,24,KCR,AL,-0.1,2,2,2,0,0,0,0,0,0,0,0,0,0,0,0,0,0,-100,0,-135,0,0,0,0,0,0,/56H,,scranji01
699,Rod Scurry*,28,PIT,NL,0,43,2,2,0,0,0,0,0,0,0,0,0,1,0,0,0,0,-100,0,-143,0,0,0,0,0,0,1,,scurrro01
700,Freddie Toliver,23,CIN,NL,0,3,2,1,0,0,0,0,0,0,0,0,0,0,0,0,0,0,-100,0,-410,0,0,0,1,0,0,/1,,tolivfr01
701,Dave Wehrmeister,31,PHI,NL,0,7,2,2,0,0,0,0,0,0,0,0,0,1,0,0,0,0,-100,0,-143,0,0,0,0,0,0,/1,,wehrmda01
702,Floyd Bannister*,29,CHW,AL,0,1,1,1,0,0,0,0,0,0,0,0,0,0,0,0,0,0,-100,0,-145,0,0,0,0,0,0,1,,bannifl01
703,Greg Bargar,25,MON,NL,0,3,1,1,0,0,0,0,0,0,0,0,0,1,0,0,0,0,-100,0,-150,0,0,0,0,0,0,/1,,bargagr01
704,Fred Breining,28,MON,NL,0,4,1,1,0,0,0,0,0,0,0,0,0,1,0,0,0,0,-100,0,-150,0,0,0,0,0,0,/1,,breinfr01
705,Bill Campbell,35,PHI,NL,0,57,1,1,0,0,0,0,0,0,0,0,0,0,0,0,0,0,-100,0,-160,0,0,0,0,0,0,1,,campbbi02
706,Don Carman*,24,PHI,NL,0,11,1,1,0,0,0,0,0,0,0,0,0,1,0,0,0,0,-100,0,-160,0,0,0,0,0,0,1,,carmado01
707,Bill Caudill,27,OAK,AL,0,2,1,1,0,0,0,0,0,0,0,0,0,1,0,0,0,0,-100,0,-136,0,0,0,0,0,0,1,AS,caudibi01
708,Greg Gagne,22,MIN,AL,0,2,1,1,0,0,0,0,0,0,0,0,0,0,0,0,0,0,-100,0,-145,0,0,0,0,0,0,/H,,gagnegr01
709,Wes Gardner,23,NYM,NL,0,21,1,1,1,0,0,0,0,0,0,0,0,0,0,0,0,0,-100,0,-150,0,0,0,0,0,0,1,,gardnwe01
710,Jim Kern,35,PHI,NL,0,8,1,1,0,0,0,0,0,0,0,0,0,1,0,0,0,0,-100,0,-160,0,0,0,0,0,0,/1,,kernji01
711,Sid Monge#,33,SDP,NL,0,13,1,1,0,0,0,0,0,0,0,0,0,0,0,0,0,0,-100,0,-150,0,0,0,0,0,0,1,,mongesi01
712,Casey Parsons*,30,CHW,AL,0,1,1,1,0,0,0,0,0,0,0,0,0,1,0,0,0,0,-100,0,-145,0,0,0,0,0,0,/H,,parsoca01
713,Mike Payne,22,ATL,NL,0,3,1,1,0,0,0,0,0,0,0,0,0,1,0,0,0,0,-100,0,-160,0,0,0,0,0,0,/1,,paynemi01
714,Ron Reed,41,CHW,AL,0,2,1,1,0,0,0,0,0,0,0,0,0,0,0,0,0,0,-100,0,-145,0,0,0,0,0,0,1,,reedro01
715,Rich Rodas*,24,LAD,NL,0,3,1,1,0,0,0,0,0,0,0,0,0,0,0,0,0,0,-100,0,-150,0,0,0,0,0,0,/1,,rodasri01
716,Mike Smith,23,CIN,NL,0,8,1,0,0,0,0,0,0,0,0,0,0,0,,,,,,,,0,0,0,1,0,0,/1,,smithmi04
717,Craig Swan,33,NYM,NL,0,10,1,0,0,0,0,0,0,0,0,0,0,0,,,,,,,,0,0,0,1,0,0,1,,swancr01
718,Dave Von Ohlen*,25,STL,NL,0.1,27,1,1,0,1,0,0,0,0,0,0,0,0,1,1,1,2,470,0.916,540,1,0,0,0,0,0,1,,vonohda01
719,Larry White,25,LAD,NL,0,7,1,1,0,0,0,0,0,0,0,0,0,0,0,0,0,0,-100,0,-150,0,0,0,0,0,0,/1,,whitela01
720,Jim Winn,24,PIT,NL,0,9,1,1,0,0,0,0,0,0,0,0,0,0,0,0,0,0,-100,0,-150,0,0,0,0,0,0,/1,,winnji01
721,Glenn Abbott,33,DET,AL,0,1,0,0,0,0,0,0,0,0,0,0,0,0,,,,,,,,0,0,0,0,0,0,1,,abbotgl01
722,Juan Agosto*,26,CHW,AL,0,1,0,0,0,0,0,0,0,0,0,0,0,0,,,,,,,,0,0,0,0,0,0,1,,agostju01
723,Mike Armstrong,30,NYY,AL,0,1,0,0,0,0,0,0,0,0,0,0,0,0,,,,,,,,0,0,0,0,0,0,1,,armstmi01
724,Keith Atherton,25,OAK,AL,0,3,0,0,0,0,0,0,0,0,0,0,0,0,,,,,,,,0,0,0,0,0,0,1/H,,atherke01
725,Dave Beard*,24,SEA,AL,0,2,0,0,0,0,0,0,0,0,0,0,0,0,,,,,,,,0,0,0,0,0,0,1,,beardda01
726,Mike Bielecki,24,PIT,NL,0,4,0,0,0,0,0,0,0,0,0,0,0,0,,,,,,,,0,0,0,0,0,0,/1,,bielemi01
727,Mike Boddicker,26,BAL,AL,0,1,0,0,1,0,0,0,0,0,0,0,0,0,,,,,,,,0,0,0,0,0,0,1/DH,ASCYA-4MVP-25,boddimi01
728,Ray Burris,33,OAK,AL,0,3,0,0,1,0,0,0,0,0,0,0,0,0,,,,,,,,0,0,0,0,0,0,1/DH,,burrira01
729,Jeff Calhoun*,26,HOU,NL,0,9,0,0,0,0,0,0,0,0,0,0,0,0,,,,,,,,0,0,0,0,0,0,/1,,calhoje01
730,Richard Dotson,25,CHW,AL,0,2,0,0,1,0,0,0,0,0,0,0,0,0,,,,,,,,0,0,0,0,0,0,1/H,AS,dotsori01
731,Álvaro Espinoza,22,MIN,AL,0,1,0,0,0,0,0,0,0,0,0,0,0,0,,,,,,,,0,0,0,0,0,0,/6,,espinal01
732,Steve Fireovid#,27,PHI,NL,0,6,0,0,0,0,0,0,0,0,0,0,0,0,,,,,,,,0,0,0,0,0,0,/1,,fireost01
733,Dave Geisel*,29,SEA,AL,0,1,0,0,0,0,0,0,0,0,0,0,0,0,,,,,,,,0,0,0,0,0,0,1,,geiseda01
734,Chris Green*,23,PIT,NL,0,4,0,0,0,0,0,0,0,0,0,0,0,0,,,,,,,,0,0,0,0,0,0,/1,,greench01
735,Ron Guidry*,33,NYY,AL,0,1,0,0,0,0,0,0,0,0,0,0,0,0,,,,,,,,0,0,0,0,0,0,1/H,GG,guidrro01
736,Kevin Hagen,24,STL,NL,0,4,0,0,0,0,0,0,0,0,0,0,0,0,,,,,,,,0,0,0,0,0,0,/1,,hagenke01
737,Andy Hassler*,32,STL,NL,0,3,0,0,0,0,0,0,0,0,0,0,0,0,,,,,,,,0,0,0,0,0,0,/1,,hasslan01
738,Willie Hernández*,29,DET,AL,0,2,0,0,0,0,0,0,0,0,0,0,0,0,,,,,,,,0,0,0,0,0,0,1,ASCYA-1MVP-1,hernawi01
739,Jay Howell,28,NYY,AL,0,1,0,0,0,0,0,0,0,0,0,0,0,0,,,,,,,,0,0,0,0,0,0,1,,howelja01
740,LaMarr Hoyt,29,CHW,AL,0,1,0,0,0,0,0,0,0,0,0,0,0,0,,,,,,,,0,0,0,0,0,0,1,,hoytla01
741,Bill Johnson,23,CHC,NL,0,4,0,0,0,0,0,0,0,0,0,0,0,0,,,,,,,,0,0,0,0,0,0,/1,,johnsbi04
742,Ray Krawczyk,24,PIT,NL,0,4,0,0,0,0,0,0,0,0,0,0,0,0,,,,,,,,0,0,0,0,0,0,/1,,krawcra01
743,Aurelio López,35,DET,AL,0,1,0,0,0,0,0,0,0,0,0,0,0,0,,,,,,,,0,0,0,0,0,0,1,,lopezau01
744,Steve McCatty,30,OAK,AL,0,1,0,0,0,0,0,0,0,0,0,0,0,0,,,,,,,,0,0,0,0,0,0,1,,mccatst01
745,Ron Meridith*,27,CHC,NL,0,3,0,0,0,0,0,0,0,0,0,0,0,0,,,,,,,,0,0,0,0,0,0,/1,,meridro01
746,Paul Mirabella*,30,SEA,AL,0,1,0,0,0,0,0,0,0,0,0,0,0,0,,,,,,,,0,0,0,0,0,0,1,,mirabpa01
747,Mike Moore,24,SEA,AL,0,2,0,0,0,0,0,0,0,0,0,0,0,0,,,,,,,,0,0,0,0,0,0,1,,mooremi01
748,Ed Núñez,21,SEA,AL,0,1,0,0,0,0,0,0,0,0,0,0,0,0,,,,,,,,0,0,0,0,0,0,1,,nunezed01
749,Alfonso Pulido*,27,PIT,NL,0,1,0,0,0,0,0,0,0,0,0,0,0,0,,,,,,,,0,0,0,0,0,0,/1,,pulidal01
750,Mark Ross,29,HOU,NL,0,2,0,0,0,0,0,0,0,0,0,0,0,0,,,,,,,,0,0,0,0,0,0,/1H,,rossma01
751,Dave Rozema,27,DET,AL,0,1,0,0,0,0,0,0,0,0,0,0,0,0,,,,,,,,0,0,0,0,0,0,1,,rozemda01
752,Bret Saberhagen,20,KCR,AL,0,1,0,0,0,0,0,0,0,0,0,0,0,0,,,,,,,,0,0,0,0,0,0,1/H,,saberbr01
753,Don Schulze,21,CHC,NL,0,1,0,0,0,0,0,0,0,0,0,0,0,0,,,,,,,,0,0,0,0,0,0,/1,,schuldo01
754,Tom Seaver,39,CHW,AL,0,1,0,0,0,0,0,0,0,0,0,0,0,0,,,,,,,,0,0,0,0,0,0,1,,seaveto01
755,Dan Spillner,32,CHW,AL,0,1,0,0,1,0,0,0,0,0,0,0,0,0,,,,,,,,0,0,0,0,0,0,1/H,,spillda01
756,Randy St. Claire,23,MON,NL,0,4,0,0,0,0,0,0,0,0,0,0,0,0,,,,,,,,0,0,0,0,0,0,/1,,st.clra01
757,Mike Stanton#,31,SEA,AL,0,1,0,0,0,0,0,0,0,0,0,0,0,0,,,,,,,,0,0,0,0,0,0,1,,stantmi01
758,Bill Swaggerty,27,BAL,AL,0,1,0,0,1,0,0,0,0,0,0,0,0,0,,,,,,,,0,0,0,0,0,0,1/DH,,swaggbi01
759,Dick Tidrow,37,NYM,NL,0,11,0,0,0,0,0,0,0,0,0,0,0,0,,,,,,,,0,0,0,0,0,0,1,,tidrodi01
760,Ed Vande Berg,25,SEA,AL,0,2,0,0,1,0,0,0,0,0,0,0,0,0,,,,,,,,0,0,0,0,0,0,1/DH,,vandeed01
761,Carl Willis*,23,2TM,2LG,0,8,0,0,0,0,0,0,0,0,0,0,0,0,,,,,,,,0,0,0,0,0,0,1,,willica01
762,Jeff Zaske,23,PIT,NL,0,3,0,0,0,0,0,0,0,0,0,0,0,0,,,,,,,,0,0,0,0,0,0,/1,,zaskeje01
